"Idx","Name","Label","QC_RSD","Perc_missing","database_identifier","chemical_formula","smiles","inchi","metabolite_identification","taxid","species"
"1","M1","L-Valine","4.1194001441116","0","CHEBI:16414","C5H11NO2","CC(C)[C@H](N)C(O)=O","InChI=1S/C5H11NO2/c1-3(2)4(6)5(7)8/h3-4H,6H2,1-2H3,(H,7,8)/t4-/m0/s1","L-Valine","NCBITAXON:http://purl.bioontology.org/ontology/NCBITAXON/9606","Homo sapiens"
"2","M2","L-Tyrosine","7.2134831200283","0","CHEBI:17895","C9H11NO3","N[C@@H](Cc1ccc(O)cc1)C(O)=O","InChI=1S/C9H11NO3/c10-8(9(12)13)5-6-1-3-7(11)4-2-6/h1-4,8,11H,5,10H2,(H,12,13)/t8-/m0/s1","L-Tyrosine","NCBITAXON:http://purl.bioontology.org/ontology/NCBITAXON/9606","Homo sapiens"
"3","M3","L-Tryptophan","7.8254427627753","0","CHEBI:16828","C11H12N2O2","N[C@@H](Cc1c[nH]c2ccccc12)C(O)=O","InChI=1S/C11H12N2O2/c12-9(11(14)15)5-7-6-13-10-4-2-1-3-8(7)10/h1-4,6,9,13H,5,12H2,(H,14,15)/t9-/m0/s1","L-Tryptophan","NCBITAXON:http://purl.bioontology.org/ontology/NCBITAXON/9606","Homo sapiens"
"4","M4","L-Threonine","9.1967620321836","0","CHEBI:16857","C4H9NO3","C[C@@H](O)[C@H](N)C(O)=O","InChI=1S/C4H9NO3/c1-2(6)3(5)4(7)8/h2-3,6H,5H2,1H3,(H,7,8)/t2-,3+/m1/s1","L-Threonine","NCBITAXON:http://purl.bioontology.org/ontology/NCBITAXON/9606","Homo sapiens"
"5","M5","L-Homoserine","9.1967620321836","0","CHEBI:15699","C4H9NO3","N[C@@H](CCO)C(O)=O","InChI=1S/C4H9NO3/c5-3(1-2-6)4(7)8/h3,6H,1-2,5H2,(H,7,8)/t3-/m0/s1","L-Homoserine","NCBITAXON:http://purl.bioontology.org/ontology/NCBITAXON/9606","Homo sapiens"
"6","M6","L-Serine","3.3909560113634","0","CHEBI:17115","C3H7NO3","N[C@@H](CO)C(O)=O","InChI=1S/C3H7NO3/c4-2(1-5)3(6)7/h2,5H,1,4H2,(H,6,7)/t2-/m0/s1","L-Serine","NCBITAXON:http://purl.bioontology.org/ontology/NCBITAXON/9606","Homo sapiens"
"7","M7","L-Proline","3.1269894703337","0","CHEBI:17203","C5H9NO2","OC(=O)[C@@H]1CCCN1","InChI=1S/C5H9NO2/c7-5(8)4-2-1-3-6-4/h4,6H,1-3H2,(H,7,8)/t4-/m0/s1","L-Proline","NCBITAXON:http://purl.bioontology.org/ontology/NCBITAXON/9606","Homo sapiens"
"8","M8","Pantothenate","31.493100953237","0","CHEBI:7916","C9H17NO5","CC(C)(CO)C(O)C(=O)NCCC(O)=O","InChI=1S/C9H17NO5/c1-9(2,5-11)7(14)8(15)10-4-3-6(12)13/h7,11,14H,3-5H2,1-2H3,(H,10,15)(H,12,13)","Pantothenate","NCBITAXON:http://purl.bioontology.org/ontology/NCBITAXON/9606","Homo sapiens"
"9","M9","L-Methionine","4.9034556768958","0","CHEBI:16643","C5H11NO2S","CSCC[C@H](N)C(O)=O","InChI=1S/C5H11NO2S/c1-9-3-2-4(6)5(7)8/h4H,2-3,6H2,1H3,(H,7,8)/t4-/m0/s1","L-Methionine","NCBITAXON:http://purl.bioontology.org/ontology/NCBITAXON/9606","Homo sapiens"
"10","M10","L-Cystine","3.4307970748864","0","CHEBI:16283","C6H12N2O4S2","N[C@@H](CSSC[C@H](N)C(O)=O)C(O)=O","InChI=1S/C6H12N2O4S2/c7-3(5(9)10)1-13-14-2-4(8)6(11)12/h3-4H,1-2,7-8H2,(H,9,10)(H,11,12)/t3-,4-/m0/s1","L-Cystine","NCBITAXON:http://purl.bioontology.org/ontology/NCBITAXON/9606","Homo sapiens"
"11","M11","L-Histidine","7.204438278368","0","CHEBI:15971","C6H9N3O2","N[C@@H](Cc1c[nH]cn1)C(O)=O","InChI=1S/C6H9N3O2/c7-5(6(10)11)1-4-2-8-3-9-4/h2-3,5H,1,7H2,(H,8,9)(H,10,11)/t5-/m0/s1","L-Histidine","NCBITAXON:http://purl.bioontology.org/ontology/NCBITAXON/9606","Homo sapiens"
"12","M12","L-Glutamate","8.2914449574242","0","CHEBI:16015","C5H9NO4","N[C@@H](CCC(O)=O)C(O)=O","InChI=1S/C5H9NO4/c6-3(5(9)10)1-2-4(7)8/h3H,1-2,6H2,(H,7,8)(H,9,10)/t3-/m0/s1","L-Glutamate","NCBITAXON:http://purl.bioontology.org/ontology/NCBITAXON/9606","Homo sapiens"
"13","M13","L-Asparagine","8.949013699761","0","CHEBI:17196","C4H8N2O3","N[C@@H](CC(N)=O)C(O)=O","InChI=1S/C4H8N2O3/c5-2(4(8)9)1-3(6)7/h2H,1,5H2,(H2,6,7)(H,8,9)/t2-/m0/s1","L-Asparagine","NCBITAXON:http://purl.bioontology.org/ontology/NCBITAXON/9606","Homo sapiens"
"14","M14","L-Alanine","5.1929834656969","0","CHEBI:16977","C3H7NO2","C[C@H](N)C(O)=O","InChI=1S/C3H7NO2/c1-2(4)3(5)6/h2H,4H2,1H3,(H,5,6)/t2-/m0/s1","L-Alanine","NCBITAXON:http://purl.bioontology.org/ontology/NCBITAXON/9606","Homo sapiens"
"15","M15","Sarcosine","5.1929834656969","0","CHEBI:15611","C3H7NO2","CNCC(O)=O","InChI=1S/C3H7NO2/c1-4-2-3(5)6/h4H,2H2,1H3,(H,5,6)","Sarcosine","NCBITAXON:http://purl.bioontology.org/ontology/NCBITAXON/9606","Homo sapiens"
"16","M16","beta-Alanine","5.1929834656969","0","CHEBI:16958","C3H7NO2","NCCC(O)=O","InChI=1S/C3H7NO2/c4-2-1-3(5)6/h1-2,4H2,(H,5,6)","beta-Alanine","NCBITAXON:http://purl.bioontology.org/ontology/NCBITAXON/9606","Homo sapiens"
"17","M17","Succinate","7.2643384660071","0","CHEBI:15741","C4H6O4","OC(=O)CCC(O)=O","InChI=1S/C4H6O4/c5-3(6)1-2-4(7)8/h1-2H2,(H,5,6)(H,7,8)","Succinate","NCBITAXON:http://purl.bioontology.org/ontology/NCBITAXON/9606","Homo sapiens"
"18","M18","Methylmalonate","7.2643384660071","0","CHEBI:30860","C4H6O4","CC(C(O)=O)C(O)=O","InChI=1S/C4H6O4/c1-2(3(5)6)4(7)8/h2H,1H3,(H,5,6)(H,7,8)","Methylmalonate","NCBITAXON:http://purl.bioontology.org/ontology/NCBITAXON/9606","Homo sapiens"
"19","M19","L-Cysteine","11.947147976487","0","CHEBI:17561","C3H7NO2S","N[C@@H](CS)C(O)=O","InChI=1S/C3H7NO2S/c4-2(1-7)3(5)6/h2,7H,1,4H2,(H,5,6)/t2-/m0/s1","L-Cysteine","NCBITAXON:http://purl.bioontology.org/ontology/NCBITAXON/9606","Homo sapiens"
"20","M20","L-2-Aminoadipate","9.0524778204431","0","CHEBI:37023","C6H11NO4","N[C@@H](CCCC(O)=O)C(O)=O","InChI=1S/C6H11NO4/c7-4(6(10)11)2-1-3-5(8)9/h4H,1-3,7H2,(H,8,9)(H,10,11)/t4-/m0/s1","L-2-Aminoadipate","NCBITAXON:http://purl.bioontology.org/ontology/NCBITAXON/9606","Homo sapiens"
"21","M21","N-Acetyl-D-galactosamine","6.9447401303759","0","CHEBI:28037","C8H15NO6","CC(=O)N[C@H]1C(O)O[C@H](CO)[C@H](O)[C@@H]1O","InChI=1S/C8H15NO6/c1-3(11)9-5-7(13)6(12)4(2-10)15-8(5)14/h4-8,10,12-14H,2H2,1H3,(H,9,11)/t4-,5-,6+,7-,8?/m1/s1","N-Acetyl-D-galactosamine","NCBITAXON:http://purl.bioontology.org/ontology/NCBITAXON/9606","Homo sapiens"
"22","M22","N-Acetyl-D-glucosamine","6.9447401303759","0","CHEBI:506227","C8H15NO6","CC(=O)N[C@H]1C(O)O[C@H](CO)[C@@H](O)[C@@H]1O","InChI=1S/C8H15NO6/c1-3(11)9-5-7(13)6(12)4(2-10)15-8(5)14/h4-8,10,12-14H,2H2,1H3,(H,9,11)/t4-,5-,6-,7-,8?/m1/s1","N-Acetyl-D-glucosamine","NCBITAXON:http://purl.bioontology.org/ontology/NCBITAXON/9606","Homo sapiens"
"23","M23","N-Acetyl-D-mannosamine","6.9447401303759","0","CHEBI:63153","C8H15NO6","CC(=O)N[C@@H]1C(O)O[C@H](CO)[C@@H](O)[C@@H]1O","InChI=1S/C8H15NO6/c1-3(11)9-5-7(13)6(12)4(2-10)15-8(5)14/h4-8,10,12-14H,2H2,1H3,(H,9,11)/t4-,5+,6-,7-,8?/m1/s1","N-Acetyl-D-mannosamine","NCBITAXON:http://purl.bioontology.org/ontology/NCBITAXON/9606","Homo sapiens"
"24","M24","3-Aminoisobutyrate","5.9440419271982","0","CHEBI:27389","C4H9NO2","CC(CN)C(O)=O","InChI=1S/C4H9NO2/c1-3(2-5)4(6)7/h3H,2,5H2,1H3,(H,6,7)","3-Aminoisobutyrate","NCBITAXON:http://purl.bioontology.org/ontology/NCBITAXON/9606","Homo sapiens"
"25","M25","(R,R)-Tartarate","13.177901878829","0","CHEBI:15671","C4H6O6","O[C@H]([C@@H](O)C(O)=O)C(O)=O","InChI=1S/C4H6O6/c5-1(3(7)8)2(6)4(9)10/h1-2,5-6H,(H,7,8)(H,9,10)/t1-,2-/m1/s1","(R,R)-Tartarate","NCBITAXON:http://purl.bioontology.org/ontology/NCBITAXON/9606","Homo sapiens"
"26","M26","L-Ornithine","17.326309250261","0","CHEBI:15729","C5H12N2O2","NCCC[C@H](N)C(O)=O","InChI=1S/C5H12N2O2/c6-3-1-2-4(7)5(8)9/h4H,1-3,6-7H2,(H,8,9)/t4-/m0/s1","L-Ornithine","NCBITAXON:http://purl.bioontology.org/ontology/NCBITAXON/9606","Homo sapiens"
"27","M27","L-Normetanephrine","16.794121010175","0","CHEBI:6277","C9H13NO3","COc1cc(ccc1O)[C@@H](O)CN","InChI=1S/C9H13NO3/c1-13-9-4-6(8(12)5-10)2-3-7(9)11/h2-4,8,11-12H,5,10H2,1H3/t8-/m0/s1","L-Normetanephrine","NCBITAXON:http://purl.bioontology.org/ontology/NCBITAXON/9606","Homo sapiens"
"28","M28","D-Xylulose","23.325351582758","0","CHEBI:17140","C5H10O5","C(O)C(=O)[C@@H](O)[C@H](O)CO","InChI=1S/C5H10O5/c6-1-3(8)5(10)4(9)2-7/h3,5-8,10H,1-2H2/t3-,5+/m1/s1","D-Xylulose","NCBITAXON:http://purl.bioontology.org/ontology/NCBITAXON/9606","Homo sapiens"
"29","M29","Malonate","10.4667714476","0","CHEBI:30794","C3H4O4","OC(=O)CC(O)=O","InChI=1S/C3H4O4/c4-2(5)1-3(6)7/h1H2,(H,4,5)(H,6,7)","Malonate","NCBITAXON:http://purl.bioontology.org/ontology/NCBITAXON/9606","Homo sapiens"
"30","M30","(R)-3-Hydroxybutanoate","10.4667714476","0","CHEBI:17066","C4H8O3","C[C@@H](O)CC(O)=O","InChI=1S/C4H8O3/c1-3(5)2-4(6)7/h3,5H,2H2,1H3,(H,6,7)/t3-/m1/s1","(R)-3-Hydroxybutanoate","NCBITAXON:http://purl.bioontology.org/ontology/NCBITAXON/9606","Homo sapiens"
"31","M31","(S)-Malate","15.293955518348","0","CHEBI:30797","C4H6O5","O[C@@H](CC(O)=O)C(O)=O","InChI=1S/C4H6O5/c5-2(4(8)9)1-3(6)7/h2,5H,1H2,(H,6,7)(H,8,9)/t2-/m0/s1","(S)-Malate","NCBITAXON:http://purl.bioontology.org/ontology/NCBITAXON/9606","Homo sapiens"
"32","M32","L-Cystathionine","6.2384230839715","0","CHEBI:17482","C7H14N2O4S","N[C@@H](CCSC[C@H](N)C(O)=O)C(O)=O","InChI=1S/C7H14N2O4S/c8-4(6(10)11)1-2-14-3-5(9)7(12)13/h4-5H,1-3,8-9H2,(H,10,11)(H,12,13)/t4-,5-/m0/s1","L-Cystathionine","NCBITAXON:http://purl.bioontology.org/ontology/NCBITAXON/9606","Homo sapiens"
"33","M33","Spermine","7.0313813519694","0","CHEBI:15746","C10H26N4","NCCCNCCCCNCCCN","InChI=1S/C10H26N4/c11-5-3-9-13-7-1-2-8-14-10-4-6-12/h13-14H,1-12H2","Spermine","NCBITAXON:http://purl.bioontology.org/ontology/NCBITAXON/9606","Homo sapiens"
"34","M34","L-Homocysteine","41.06491814609","0","CHEBI:17588","C4H9NO2S","N[C@@H](CCS)C(O)=O","InChI=1S/C4H9NO2S/c5-3(1-2-8)4(6)7/h3,8H,1-2,5H2,(H,6,7)/t3-/m0/s1","L-Homocysteine","NCBITAXON:http://purl.bioontology.org/ontology/NCBITAXON/9606","Homo sapiens"
"35","M35","Homoarginine","11.71985740039","0","CHEBI:27747","C7H16N4O2","N[C@@H](CCCCNC(N)=N)C(O)=O","InChI=1S/C7H16N4O2/c8-5(6(12)13)3-1-2-4-11-7(9)10/h5H,1-4,8H2,(H,12,13)(H4,9,10,11)/t5-/m0/s1","Homoarginine","NCBITAXON:http://purl.bioontology.org/ontology/NCBITAXON/9606","Homo sapiens"
"36","M36","Fumarate","8.3360123507503","0","CHEBI:18012","C4H4O4","OC(=O)C=CC(O)=O","InChI=1S/C4H4O4/c5-3(6)1-2-4(7)8/h1-2H,(H,5,6)(H,7,8)/b2-1+","Fumarate","NCBITAXON:http://purl.bioontology.org/ontology/NCBITAXON/9606","Homo sapiens"
"37","M37","Caproic acid","8.3360123507503","0","CHEBI:30776","C6H12O2","CCCCCC(O)=O","InChI=1S/C6H12O2/c1-2-3-4-5-6(7)8/h2-5H2,1H3,(H,7,8)","Caproic acid","NCBITAXON:http://purl.bioontology.org/ontology/NCBITAXON/9606","Homo sapiens"
"38","M38","3-Methyl-2-oxobutanoate","8.3360123507503","0","CHEBI:16530","C5H8O3","CC(C)C(=O)C(O)=O","InChI=1S/C5H8O3/c1-3(2)4(6)5(7)8/h3H,1-2H3,(H,7,8)","3-Methyl-2-oxobutanoate","NCBITAXON:http://purl.bioontology.org/ontology/NCBITAXON/9606","Homo sapiens"
"39","M39","N-Acetylserotonin","3.4760193176784","0","CHEBI:17697","C12H14N2O2","C1=CC(=CC=2C(=CNC12)CCNC(C)=O)O","InChI=1S/C12H14N2O2/c1-8(15)13-5-4-9-7-14-12-3-2-10(16)6-11(9)12/h2-3,6-7,14,16H,4-5H2,1H3,(H,13,15)","N-Acetylserotonin","NCBITAXON:http://purl.bioontology.org/ontology/NCBITAXON/9606","Homo sapiens"
"40","M40","L-Citrulline","26.78477491609","0","CHEBI:16349","C6H13N3O3","N[C@@H](CCCNC(N)=O)C(O)=O","InChI=1S/C6H13N3O3/c7-4(5(10)11)2-1-3-9-6(8)12/h4H,1-3,7H2,(H,10,11)(H3,8,9,12)/t4-/m0/s1","L-Citrulline","NCBITAXON:http://purl.bioontology.org/ontology/NCBITAXON/9606","Homo sapiens"
"41","M41","Citrate","20.834069240689","0","CHEBI:30769","C6H8O7","OC(=O)CC(O)(CC(O)=O)C(O)=O","InChI=1S/C6H8O7/c7-3(8)1-6(13,5(11)12)2-4(9)10/h13H,1-2H2,(H,7,8)(H,9,10)(H,11,12)","Citrate","NCBITAXON:http://purl.bioontology.org/ontology/NCBITAXON/9606","Homo sapiens"
"42","M42","Isocitrate","20.834069240689","0","CHEBI:30887","C6H8O7","OC(C(CC(O)=O)C(O)=O)C(O)=O","InChI=1S/C6H8O7/c7-3(8)1-2(5(10)11)4(9)6(12)13/h2,4,9H,1H2,(H,7,8)(H,10,11)(H,12,13)","Isocitrate","NCBITAXON:http://purl.bioontology.org/ontology/NCBITAXON/9606","Homo sapiens"
"43","M43","Carnosine","7.7162507086046","0","CHEBI:15727","C9H14N4O3","NCCC(=O)N[C@@H](Cc1c[nH]cn1)C(O)=O","InChI=1S/C9H14N4O3/c10-2-1-8(14)13-7(9(15)16)3-6-4-11-5-12-6/h4-5,7H,1-3,10H2,(H,11,12)(H,13,14)(H,15,16)/t7-/m0/s1","Carnosine","NCBITAXON:http://purl.bioontology.org/ontology/NCBITAXON/9606","Homo sapiens"
"44","M44","Hippurate","14.347336488837","0","CHEBI:18089","C9H9NO3","OC(=O)CNC(=O)c1ccccc1","InChI=1S/C9H9NO3/c11-8(12)6-10-9(13)7-4-2-1-3-5-7/h1-5H,6H2,(H,10,13)(H,11,12)","Hippurate","NCBITAXON:http://purl.bioontology.org/ontology/NCBITAXON/9606","Homo sapiens"
"45","M45","N-Acetylputrescine","7.2056182736986","0","CHEBI:17768","C6H14N2O","CC(=O)NCCCCN","InChI=1S/C6H14N2O/c1-6(9)8-5-3-2-4-7/h2-5,7H2,1H3,(H,8,9)","N-Acetylputrescine","NCBITAXON:http://purl.bioontology.org/ontology/NCBITAXON/9606","Homo sapiens"
"46","M46","N-Acetylputrescine","7.2056182736986","0","CHEBI:17768","C6H14N2O","CC(=O)NCCCCN","InChI=1S/C6H14N2O/c1-6(9)8-5-3-2-4-7/h2-5,7H2,1H3,(H,8,9)","N-Acetylputrescine","NCBITAXON:http://purl.bioontology.org/ontology/NCBITAXON/9606","Homo sapiens"
"47","M47","1-Methylxanthine","28.981658552723","0","CHEBI:68444","C6H6N4O2","Cn1c(=O)[nH]c2nc[nH]c2c1=O","InChI=1S/C6H6N4O2/c1-10-5(11)3-4(8-2-7-3)9-6(10)12/h2H,1H3,(H,7,8)(H,9,12)","1-Methylxanthine","NCBITAXON:http://purl.bioontology.org/ontology/NCBITAXON/9606","Homo sapiens"
"48","M48","N(pi)-Methyl-L-histidine","12.489831409826","0","CHEBI:27596","C7H11N3O2","Cn1cncc1C[C@H](N)C(O)=O","InChI=1S/C7H11N3O2/c1-10-4-9-3-5(10)2-6(8)7(11)12/h3-4,6H,2,8H2,1H3,(H,11,12)/t6-/m0/s1","N(pi)-Methyl-L-histidine","NCBITAXON:http://purl.bioontology.org/ontology/NCBITAXON/9606","Homo sapiens"
"49","M49","3-Methylhistidine","12.489831409826","0","CHEBI:70959","C7H11N3O2","Cn1cncc1CC(N)C(O)=O","InChI=1S/C7H11N3O2/c1-10-4-9-3-5(10)2-6(8)7(11)12/h3-4,6H,2,8H2,1H3,(H,11,12)","3-Methylhistidine","NCBITAXON:http://purl.bioontology.org/ontology/NCBITAXON/9606","Homo sapiens"
"50","M50","4-Guanidinobutanoate","19.41452413793","0","CHEBI:15728","C5H11N3O2","NC(=N)NCCCC(O)=O","InChI=1S/C5H11N3O2/c6-5(7)8-3-1-2-4(9)10/h1-3H2,(H,9,10)(H4,6,7,8)","4-Guanidinobutanoate","NCBITAXON:http://purl.bioontology.org/ontology/NCBITAXON/9606","Homo sapiens"
"51","M51","N-Methylhistamine","9.0132376292293","0","CHEBI:29009","C6H11N3","Cn1cnc(CCN)c1","InChI=1S/C6H11N3/c1-9-4-6(2-3-7)8-5-9/h4-5H,2-3,7H2,1H3","N-Methylhistamine","NCBITAXON:http://purl.bioontology.org/ontology/NCBITAXON/9606","Homo sapiens"
"52","M52","N-Acetyl-L-glutamate","15.112958585284","0","CHEBI:17533","C7H11NO5","CC(=O)N[C@@H](CCC(O)=O)C(O)=O","InChI=1S/C7H11NO5/c1-4(9)8-5(7(12)13)2-3-6(10)11/h5H,2-3H2,1H3,(H,8,9)(H,10,11)(H,12,13)/t5-/m0/s1","N-Acetyl-L-glutamate","NCBITAXON:http://purl.bioontology.org/ontology/NCBITAXON/9606","Homo sapiens"
"53","M53","sn-Glycerol 3-phosphate","12.820183447536","0","CHEBI:15978","C3H9O6P","OC[C@@H](O)COP(O)(O)=O","InChI=1S/C3H9O6P/c4-1-3(5)2-9-10(6,7)8/h3-5H,1-2H2,(H2,6,7,8)/t3-/m1/s1","sn-Glycerol 3-phosphate","NCBITAXON:http://purl.bioontology.org/ontology/NCBITAXON/9606","Homo sapiens"
"54","M54","4-Hydroxybenzaldehyde","7.4228694135695","0","CHEBI:17597","C7H6O2","[H]C(=O)c1ccc(O)cc1","InChI=1S/C7H6O2/c8-5-6-1-3-7(9)4-2-6/h1-5,9H","4-Hydroxybenzaldehyde","NCBITAXON:http://purl.bioontology.org/ontology/NCBITAXON/9606","Homo sapiens"
"55","M55","D-Glucuronate","29.038236201356","0","CHEBI:4178","C6H10O7","","","D-Glucuronate","NCBITAXON:http://purl.bioontology.org/ontology/NCBITAXON/9606","Homo sapiens"
"56","M56","D-Glucose","22.112212786564","0","CHEBI:4167","C6H12O6","OC[C@H]1OC(O)[C@H](O)[C@@H](O)[C@@H]1O","InChI=1S/C6H12O6/c7-1-2-3(8)4(9)5(10)6(11)12-2/h2-11H,1H2/t2-,3-,4+,5-,6?/m1/s1","D-Glucose","NCBITAXON:http://purl.bioontology.org/ontology/NCBITAXON/9606","Homo sapiens"
"57","M57","D-Fructose","22.112212786564","0","CHEBI:15824","C6H12O6","","","D-Fructose","NCBITAXON:http://purl.bioontology.org/ontology/NCBITAXON/9606","Homo sapiens"
"58","M58","D-Mannose","22.112212786564","0","CHEBI:16024","C6H12O6","","","D-Mannose","NCBITAXON:http://purl.bioontology.org/ontology/NCBITAXON/9606","Homo sapiens"
"59","M59","D-Galactose","22.112212786564","0","CHEBI:4139","C6H12O6","OC[C@H]1OC(O)[C@H](O)[C@@H](O)[C@H]1O","InChI=1S/C6H12O6/c7-1-2-3(8)4(9)5(10)6(11)12-2/h2-11H,1H2/t2-,3+,4+,5-,6?/m1/s1","D-Galactose","NCBITAXON:http://purl.bioontology.org/ontology/NCBITAXON/9606","Homo sapiens"
"60","M60","Glycyl-leucine","24.832425778047","0","CHEBI:73514","C8H16N2O3","CC(C)C[C@H](NC(=O)CN)C(O)=O","InChI=1S/C8H16N2O3/c1-5(2)3-6(8(12)13)10-7(11)4-9/h5-6H,3-4,9H2,1-2H3,(H,10,11)(H,12,13)/t6-/m0/s1","Glycyl-leucine","NCBITAXON:http://purl.bioontology.org/ontology/NCBITAXON/9606","Homo sapiens"
"61","M61","glycyl-DL-norleucine","24.832425778047","0","CHEBI:136958","C23H29N3O4","OC(=O)C(NC(=O)CN)CCCC","InChI=1S/C8H16N2O3/c1-2-3-4-6(8(12)13)10-7(11)5-9/h6H,2-5,9H2,1H3,(H,10,11)(H,12,13)","glycyl-DL-norleucine","NCBITAXON:http://purl.bioontology.org/ontology/NCBITAXON/9606","Homo sapiens"
"62","M62","DL-phenylserine","24.380311100003","0","CHEBI:137012","C9H11NO3","OCC(NC1=CC=CC=C1)C(O)=O","InChI=1S/C9H11NO3/c11-6-8(9(12)13)10-7-4-2-1-3-5-7/h1-5,8,10-11H,6H2,(H,12,13)","DL-phenylserine","NCBITAXON:http://purl.bioontology.org/ontology/NCBITAXON/9606","Homo sapiens"
"63","M63","DL-alanyl-DL-phenylalanine","17.344518991326","0","CHEBI:137013","C12H16N2O3","NC(C(=O)NC(C(=O)O)CC=1C=CC=CC1)C","InChI=1S/C12H16N2O3/c1-8(13)11(15)14-10(12(16)17)7-9-5-3-2-4-6-9/h2-6,8,10H,7,13H2,1H3,(H,14,15)(H,16,17)","DL-alanyl-DL-phenylalanine","NCBITAXON:http://purl.bioontology.org/ontology/NCBITAXON/9606","Homo sapiens"
"64","M64","glycyl-DL-phenylalanine","16.193334883596","0","CHEBI:137014","C11H14N2O3","NCC(=O)NC(C(=O)O)CC=1C=CC=CC1","InChI=1S/C11H14N2O3/c12-7-10(14)13-9(11(15)16)6-8-4-2-1-3-5-8/h1-5,9H,6-7,12H2,(H,13,14)(H,15,16)","glycyl-DL-phenylalanine","NCBITAXON:http://purl.bioontology.org/ontology/NCBITAXON/9606","Homo sapiens"
"65","M65","3-Methylhistidine","7.0506586812424","0","CHEBI:70959","C7H11N3O2","Cn1cncc1CC(N)C(O)=O","InChI=1S/C7H11N3O2/c1-10-4-9-3-5(10)2-6(8)7(11)12/h3-4,6H,2,8H2,1H3,(H,11,12)","3-Methylhistidine","NCBITAXON:http://purl.bioontology.org/ontology/NCBITAXON/9606","Homo sapiens"
"66","M66","N(pi)-Methyl-L-histidine ","7.0506586812424","0","CHEBI:27596","C7H11N3O2","Cn1cncc1C[C@H](N)C(O)=O","InChI=1S/C7H11N3O2/c1-10-4-9-3-5(10)2-6(8)7(11)12/h3-4,6H,2,8H2,1H3,(H,11,12)/t6-/m0/s1","N(pi)-Methyl-L-histidine ","NCBITAXON:http://purl.bioontology.org/ontology/NCBITAXON/9606","Homo sapiens"
"67","M67","AMP","8.9062543838755","0","CHEBI:16027","C10H14N5O7P","Nc1ncnc2n(cnc12)[C@@H]1O[C@H](COP(O)(O)=O)[C@@H](O)[C@H]1O","InChI=1S/C10H14N5O7P/c11-8-5-9(13-2-12-8)15(3-14-5)10-7(17)6(16)4(22-10)1-21-23(18,19)20/h2-4,6-7,10,16-17H,1H2,(H2,11,12,13)(H2,18,19,20)/t4-,6-,7-,10-/m1/s1","AMP","NCBITAXON:http://purl.bioontology.org/ontology/NCBITAXON/9606","Homo sapiens"
"68","M68","(S)-Lactate","10.109992737973","0","CHEBI:422","C3H6O3","C[C@H](O)C(O)=O","InChI=1S/C3H6O3/c1-2(4)3(5)6/h2,4H,1H3,(H,5,6)/t2-/m0/s1","(S)-Lactate","NCBITAXON:http://purl.bioontology.org/ontology/NCBITAXON/9606","Homo sapiens"
"69","M69","D-Ribose","18.910903671281","0","CHEBI:16988","C5H10O5","","","D-Ribose","NCBITAXON:http://purl.bioontology.org/ontology/NCBITAXON/9606","Homo sapiens"
"70","M70","N,N-Dimethylglycine","8.3450273970892","0","CHEBI:17724","C4H9NO2","CN(C)CC(O)=O","InChI=1S/C4H9NO2/c1-5(2)3-4(6)7/h3H2,1-2H3,(H,6,7)","N,N-Dimethylglycine","NCBITAXON:http://purl.bioontology.org/ontology/NCBITAXON/9606","Homo sapiens"
"71","M71","2-Amino-2-methylpropanoate","8.3450273970892","0","CHEBI:27971","C4H9NO2","CC(C)(N)C(O)=O","InChI=1S/C4H9NO2/c1-4(2,5)3(6)7/h5H2,1-2H3,(H,6,7)","2-Amino-2-methylpropanoate","NCBITAXON:http://purl.bioontology.org/ontology/NCBITAXON/9606","Homo sapiens"
"72","M72","Alpha-Hydroxyisobutyric acid","24.078403807476","0","CHEBI:50129","C4H8O3","CC(C)(O)C(O)=O","InChI=1S/C4H8O3/c1-4(2,7)3(5)6/h7H,1-2H3,(H,5,6)","Alpha-Hydroxyisobutyric acid","NCBITAXON:http://purl.bioontology.org/ontology/NCBITAXON/9606","Homo sapiens"
"73","M73","2-Hydroxybutanoate","24.078403807476","0","CHEBI:1148","C4H8O3","CCC(O)C(O)=O","InChI=1S/C4H8O3/c1-2-3(5)4(6)7/h3,5H,2H2,1H3,(H,6,7)","2-Hydroxybutanoate","NCBITAXON:http://purl.bioontology.org/ontology/NCBITAXON/9606","Homo sapiens"
"74","M74","4-Hydroxybutyric acid","24.078403807476","0","CHEBI:30830","C4H8O3","OCCCC(O)=O","InChI=1S/C4H8O3/c5-3-1-2-4(6)7/h5H,1-3H2,(H,6,7)","4-Hydroxybutyric acid","NCBITAXON:http://purl.bioontology.org/ontology/NCBITAXON/9606","Homo sapiens"
"75","M75","Fucose","17.063554197488","0","CHEBI:33984","C6H12O5","CC1C(C(C(C(O1)O)O)O)O","InChI=1S/C6H12O5/c1-2-3(7)4(8)5(9)6(10)11-2/h2-10H,1H3/t2?,3-,4+,5?,6?/m1/s1","Fucose","NCBITAXON:http://purl.bioontology.org/ontology/NCBITAXON/9606","Homo sapiens"
"76","M76","4-Hydroxyquinoline-2-carboxylate","28.427595130666","0","CHEBI:18344","C10H7NO3","OC(=O)c1cc(O)c2ccccc2n1","InChI=1S/C10H7NO3/c12-9-5-8(10(13)14)11-7-4-2-1-3-6(7)9/h1-5H,(H,11,12)(H,13,14)","4-Hydroxyquinoline-2-carboxylate","NCBITAXON:http://purl.bioontology.org/ontology/NCBITAXON/9606","Homo sapiens"
"77","M77","Melibiose","21.595970141549","0","CHEBI:28053","C12H22O11","OC[C@H]1O[C@H](OC[C@H]2OC(O)[C@H](O)[C@@H](O)[C@@H]2O)[C@H](O)[C@@H](O)[C@H]1O","InChI=1S/C12H22O11/c13-1-3-5(14)8(17)10(19)12(23-3)21-2-4-6(15)7(16)9(18)11(20)22-4/h3-20H,1-2H2/t3-,4-,5+,6-,7+,8+,9-,10-,11?,12+/m1/s1","Melibiose","NCBITAXON:http://purl.bioontology.org/ontology/NCBITAXON/9606","Homo sapiens"
"78","M78","Sucrose","21.595970141549","0","CHEBI:17992","C12H22O11","OC[C@H]1O[C@H](O[C@]2(CO)O[C@H](CO)[C@@H](O)[C@@H]2O)[C@H](O)[C@@H](O)[C@@H]1O","InChI=1S/C12H22O11/c13-1-4-6(16)8(18)9(19)11(21-4)23-12(3-15)10(20)7(17)5(2-14)22-12/h4-11,13-20H,1-3H2/t4-,5-,6-,7-,8+,9-,10+,11-,12+/m1/s1","Sucrose","NCBITAXON:http://purl.bioontology.org/ontology/NCBITAXON/9606","Homo sapiens"
"79","M79","Lactose","21.595970141549","0","CHEBI:17716","C12H22O11","OC[C@H]1O[C@@H](O[C@@H]2[C@@H](CO)OC(O)[C@H](O)[C@H]2O)[C@H](O)[C@@H](O)[C@H]1O","InChI=1S/C12H22O11/c13-1-3-5(15)6(16)9(19)12(22-3)23-10-4(2-14)21-11(20)8(18)7(10)17/h3-20H,1-2H2/t3-,4-,5+,6+,7-,8-,9-,10-,11?,12+/m1/s1","Lactose","NCBITAXON:http://purl.bioontology.org/ontology/NCBITAXON/9606","Homo sapiens"
"80","M80","Maltose","21.595970141549","0","CHEBI:17306","C12H22O11","OC[C@H]1O[C@H](O[C@@H]2[C@@H](CO)OC(O)[C@H](O)[C@H]2O)[C@H](O)[C@@H](O)[C@@H]1O","InChI=1S/C12H22O11/c13-1-3-5(15)6(16)9(19)12(22-3)23-10-4(2-14)21-11(20)8(18)7(10)17/h3-20H,1-2H2/t3-,4-,5-,6+,7-,8-,9-,10-,11?,12-/m1/s1","Maltose","NCBITAXON:http://purl.bioontology.org/ontology/NCBITAXON/9606","Homo sapiens"
"81","M81","Cytosine","5.4509252659684","0","CHEBI:16040","C4H5N3O","Nc1cc[nH]c(=O)n1","InChI=1S/C4H5N3O/c5-3-1-2-6-4(8)7-3/h1-2H,(H3,5,6,7,8)","Cytosine","NCBITAXON:http://purl.bioontology.org/ontology/NCBITAXON/9606","Homo sapiens"
"82","M82","Pyridoxine","5.8606077256046","0","CHEBI:16709","C8H11NO3","Cc1ncc(CO)c(CO)c1O","InChI=1S/C8H11NO3/c1-5-8(12)7(4-11)6(3-10)2-9-5/h2,10-12H,3-4H2,1H3","Pyridoxine","NCBITAXON:http://purl.bioontology.org/ontology/NCBITAXON/9606","Homo sapiens"
"83","M83","Ribitol","23.257271585517","0","CHEBI:15963","C5H12O5","OC[C@H](O)[C@H](O)[C@H](O)CO","InChI=1S/C5H12O5/c6-1-3(8)5(10)4(9)2-7/h3-10H,1-2H2/t3-,4+,5-","Ribitol","NCBITAXON:http://purl.bioontology.org/ontology/NCBITAXON/9606","Homo sapiens"
"84","M84","L-Arabitol","23.257271585517","0","CHEBI:18403","C5H12O5","OC[C@H](O)C(O)[C@@H](O)CO","InChI=1S/C5H12O5/c6-1-3(8)5(10)4(9)2-7/h3-10H,1-2H2/t3-,4-/m0/s1","L-Arabitol","NCBITAXON:http://purl.bioontology.org/ontology/NCBITAXON/9606","Homo sapiens"
"85","M85","Taurine","11.593206193724","0","CHEBI:15891","C2H7NO3S","C(CS(O)(=O)=O)N","InChI=1S/C2H7NO3S/c3-1-2-7(4,5)6/h1-3H2,(H,4,5,6)","Taurine","NCBITAXON:http://purl.bioontology.org/ontology/NCBITAXON/9606","Homo sapiens"
"86","M86","D-Gluconate","19.158259424906","0","CHEBI:33198","C6H12O7","OC[C@@H](O)[C@@H](O)[C@H](O)[C@@H](O)C(O)=O","InChI=1S/C6H12O7/c7-1-2(8)3(9)4(10)5(11)6(12)13/h2-5,7-11H,1H2,(H,12,13)/t2-,3-,4+,5-/m1/s1","D-Gluconate","NCBITAXON:http://purl.bioontology.org/ontology/NCBITAXON/9606","Homo sapiens"
"87","M87","myo-Inositol","17.463481120535","0","CHEBI:17268","C6H12O6","O[C@H]1[C@H](O)[C@@H](O)[C@H](O)[C@H](O)[C@@H]1O","InChI=1S/C6H12O6/c7-1-2(8)4(10)6(12)5(11)3(1)9/h1-12H/t1-,2-,3-,4+,5-,6-","myo-Inositol","NCBITAXON:http://purl.bioontology.org/ontology/NCBITAXON/9606","Homo sapiens"
"88","M88","N-Acetylmethionine","25.818825891845","0","CHEBI:21557","C7H13NO3S","CSCC[C@H](NC(C)=O)C(O)=O","InChI=1S/C7H13NO3S/c1-5(9)8-6(7(10)11)3-4-12-2/h6H,3-4H2,1-2H3,(H,8,9)(H,10,11)/t6-/m0/s1","N-Acetylmethionine","NCBITAXON:http://purl.bioontology.org/ontology/NCBITAXON/9606","Homo sapiens"
"89","M89","L-Kynurenine","9.4257108991139","0","CHEBI:16946","C10H12N2O3","N[C@@H](CC(=O)c1ccccc1N)C(O)=O","InChI=1S/C10H12N2O3/c11-7-4-2-1-3-6(7)9(13)5-8(12)10(14)15/h1-4,8H,5,11-12H2,(H,14,15)/t8-/m0/s1","L-Kynurenine","NCBITAXON:http://purl.bioontology.org/ontology/NCBITAXON/9606","Homo sapiens"
"90","M90","3-Ureidopropionate","13.40929671307","0","CHEBI:18261","C4H8N2O3","NC(=O)NCCC(O)=O","InChI=1S/C4H8N2O3/c5-4(9)6-2-1-3(7)8/h1-2H2,(H,7,8)(H3,5,6,9)","3-Ureidopropionate","NCBITAXON:http://purl.bioontology.org/ontology/NCBITAXON/9606","Homo sapiens"
"91","M91","D-Glucosamine","15.597185128782","0","CHEBI:47977","C6H13NO5","N[C@H]1C(O)O[C@H](CO)[C@@H](O)[C@@H]1O","InChI=1S/C6H13NO5/c7-3-5(10)4(9)2(1-8)12-6(3)11/h2-6,8-11H,1,7H2/t2-,3-,4-,5-,6?/m1/s1","D-Glucosamine","NCBITAXON:http://purl.bioontology.org/ontology/NCBITAXON/9606","Homo sapiens"
"92","M92","Maltotriose","43.35875556162","0","CHEBI:27931","C18H32O16","OC[C@H]1O[C@H](O[C@H]2[C@H](O)[C@@H](O)[C@@H](O[C@H]3[C@H](O)[C@@H](O)[C@@H](O)O[C@@H]3CO)O[C@@H]2CO)[C@H](O)[C@@H](O)[C@@H]1O","InChI=1S/C18H32O16/c19-1-4-7(22)8(23)12(27)17(31-4)34-15-6(3-21)32-18(13(28)10(15)25)33-14-5(2-20)30-16(29)11(26)9(14)24/h4-29H,1-3H2/t4-,5-,6-,7-,8+,9-,10-,11-,12-,13-,14-,15-,16+,17-,18-/m1/s1","Maltotriose","NCBITAXON:http://purl.bioontology.org/ontology/NCBITAXON/9606","Homo sapiens"
"93","M93","Raffinose","43.35875556162","0","CHEBI:16634","C18H32O16","OC[C@H]1O[C@H](OC[C@H]2O[C@H](O[C@]3(CO)O[C@H](CO)[C@@H](O)[C@@H]3O)[C@H](O)[C@@H](O)[C@@H]2O)[C@H](O)[C@@H](O)[C@H]1O","InChI=1S/C18H32O16/c19-1-5-8(22)11(25)13(27)16(31-5)30-3-7-9(23)12(26)14(28)17(32-7)34-18(4-21)15(29)10(24)6(2-20)33-18/h5-17,19-29H,1-4H2/t5-,6-,7-,8+,9-,10-,11+,12+,13-,14-,15+,16+,17-,18+/m1/s1","Raffinose","NCBITAXON:http://purl.bioontology.org/ontology/NCBITAXON/9606","Homo sapiens"
"94","M94","Melezitose","43.35875556162","0","CHEBI:6731","C18H32O16","OC[C@H]1O[C@H](O[C@H]2[C@H](O)[C@@H](CO)O[C@@]2(CO)O[C@H]2O[C@H](CO)[C@@H](O)[C@H](O)[C@H]2O)[C@H](O)[C@@H](O)[C@@H]1O","InChI=1S/C18H32O16/c19-1-5-8(23)11(26)13(28)16(30-5)32-15-10(25)7(3-21)33-18(15,4-22)34-17-14(29)12(27)9(24)6(2-20)31-17/h5-17,19-29H,1-4H2/t5-,6-,7-,8-,9-,10-,11+,12+,13-,14-,15+,16-,17-,18+/m1/s1","Melezitose","NCBITAXON:http://purl.bioontology.org/ontology/NCBITAXON/9606","Homo sapiens"
"95","M95","Suberate","11.469249230581","0","CHEBI:9300","C8H14O4","OC(=O)CCCCCCC(O)=O","InChI=1S/C8H14O4/c9-7(10)5-3-1-2-4-6-8(11)12/h1-6H2,(H,9,10)(H,11,12)","Suberate","NCBITAXON:http://purl.bioontology.org/ontology/NCBITAXON/9606","Homo sapiens"
"96","M96","Riboflavin","4.5403774362699","0","CHEBI:17015","C17H20N4O6","Cc1cc2nc3c(nc(=O)[nH]c3=O)n(C[C@H](O)[C@H](O)[C@H](O)CO)c2cc1C","InChI=1S/C17H20N4O6/c1-7-3-9-10(4-8(7)2)21(5-11(23)14(25)12(24)6-22)15-13(18-9)16(26)20-17(27)19-15/h3-4,11-12,14,22-25H,5-6H2,1-2H3,(H,20,26,27)/t11-,12+,14-/m0/s1","Riboflavin","NCBITAXON:http://purl.bioontology.org/ontology/NCBITAXON/9606","Homo sapiens"
"97","M97","Sebacic acid","14.966750820551","0","CHEBI:41865","C10H18O4","OC(=O)CCCCCCCCC(O)=O","InChI=1S/C10H18O4/c11-9(12)7-5-3-1-2-4-6-8-10(13)14/h1-8H2,(H,11,12)(H,13,14)","Sebacic acid","NCBITAXON:http://purl.bioontology.org/ontology/NCBITAXON/9606","Homo sapiens"
"98","M98","Xanthosine","6.3540946580394","0","CHEBI:18107","C10H12N4O6","OC[C@H]1O[C@H]([C@H](O)[C@@H]1O)n1cnc2c1[nH]c(=O)[nH]c2=O","InChI=1S/C10H12N4O6/c15-1-3-5(16)6(17)9(20-3)14-2-11-4-7(14)12-10(19)13-8(4)18/h2-3,5-6,9,15-17H,1H2,(H2,12,13,18,19)/t3-,5-,6-,9-/m1/s1","Xanthosine","NCBITAXON:http://purl.bioontology.org/ontology/NCBITAXON/9606","Homo sapiens"
"99","M99","N-Acetyl-L-aspartate","11.10759530182","0","CHEBI:21547","C6H9NO5","CC(=O)N[C@@H](CC(O)=O)C(O)=O","InChI=1S/C6H9NO5/c1-3(8)7-4(6(11)12)2-5(9)10/h4H,2H2,1H3,(H,7,8)(H,9,10)(H,11,12)/t4-/m0/s1","N-Acetyl-L-aspartate","NCBITAXON:http://purl.bioontology.org/ontology/NCBITAXON/9606","Homo sapiens"
"100","M100","2-Hydroxy-3-methylbutyric acid","18.239877947503","0","CHEBI:60645","C5H10O3","CC(C)C(O)C(O)=O","InChI=1S/C5H10O3/c1-3(2)4(6)5(7)8/h3-4,6H,1-2H3,(H,7,8)","2-Hydroxy-3-methylbutyric acid","NCBITAXON:http://purl.bioontology.org/ontology/NCBITAXON/9606","Homo sapiens"
"101","M101","Deoxyinosine","6.0289412460322","0","CHEBI:28997","C10H12N4O4","OC[C@H]1O[C@H](C[C@@H]1O)n1cnc2c1nc[nH]c2=O","InChI=1S/C10H12N4O4/c15-2-6-5(16)1-7(18-6)14-4-13-8-9(14)11-3-12-10(8)17/h3-7,15-16H,1-2H2,(H,11,12,17)/t5-,6+,7+/m0/s1","Deoxyinosine","NCBITAXON:http://purl.bioontology.org/ontology/NCBITAXON/9606","Homo sapiens"
"102","M102","Deoxyguanosine","21.603175554832","0","CHEBI:17172","C10H13N5O4","Nc1nc2n(cnc2c(=O)[nH]1)[C@H]1C[C@H](O)[C@@H](CO)O1","InChI=1S/C10H13N5O4/c11-10-13-8-7(9(18)14-10)12-3-15(8)6-1-4(17)5(2-16)19-6/h3-6,16-17H,1-2H2,(H3,11,13,14,18)/t4-,5+,6+/m0/s1","Deoxyguanosine","NCBITAXON:http://purl.bioontology.org/ontology/NCBITAXON/9606","Homo sapiens"
"103","M103","Adenine","10.087381487771","0","CHEBI:16708","C5H5N5","Nc1ncnc2[nH]cnc12","InChI=1S/C5H5N5/c6-4-3-5(9-1-7-3)10-2-8-4/h1-2H,(H3,6,7,8,9,10)","Adenine","NCBITAXON:http://purl.bioontology.org/ontology/NCBITAXON/9606","Homo sapiens"
"104","M104","Xanthine","22.151603577287","0","CHEBI:17712","C5H4N4O2","O=c1[nH]c2[nH]cnc2c(=O)[nH]1","InChI=1S/C5H4N4O2/c10-4-2-3(7-1-6-2)8-5(11)9-4/h1H,(H3,6,7,8,9,10,11)","Xanthine","NCBITAXON:http://purl.bioontology.org/ontology/NCBITAXON/9606","Homo sapiens"
"105","M105","Hypoxanthine","4.6558917422961","0","CHEBI:17368","C5H4N4O","O=c1[nH]cnc2nc[nH]c12","InChI=1S/C5H4N4O/c10-5-3-4(7-1-6-3)8-2-9-5/h1-2H,(H2,6,7,8,9,10)","Hypoxanthine","NCBITAXON:http://purl.bioontology.org/ontology/NCBITAXON/9606","Homo sapiens"
"106","M106","Inosine","5.9632909468362","0","CHEBI:17596","C10H12N4O5","OC[C@H]1O[C@H]([C@H](O)[C@@H]1O)n1cnc2c(O)ncnc12","InChI=1S/C10H12N4O5/c15-1-4-6(16)7(17)10(19-4)14-3-13-5-8(14)11-2-12-9(5)18/h2-4,6-7,10,15-17H,1H2,(H,11,12,18)/t4-,6-,7-,10-/m1/s1","Inosine","NCBITAXON:http://purl.bioontology.org/ontology/NCBITAXON/9606","Homo sapiens"
"107","M107","Adenosine(pos)","6.7671992706269","0","CHEBI:16335","C10H13N5O4","Nc1ncnc2n(cnc12)[C@@H]1O[C@H](CO)[C@@H](O)[C@H]1O","InChI=1S/C10H13N5O4/c11-8-5-9(13-2-12-8)15(3-14-5)10-7(18)6(17)4(1-16)19-10/h2-4,6-7,10,16-18H,1H2,(H2,11,12,13)/t4-,6-,7-,10-/m1/s1","Adenosine(pos)","NCBITAXON:http://purl.bioontology.org/ontology/NCBITAXON/9606","Homo sapiens"
"108","M108","Adenosine(neg)","21.469435776154","0","CHEBI:16335","C10H13N5O4","Nc1ncnc2n(cnc12)[C@@H]1O[C@H](CO)[C@@H](O)[C@H]1O","InChI=1S/C10H13N5O4/c11-8-5-9(13-2-12-8)15(3-14-5)10-7(18)6(17)4(1-16)19-10/h2-4,6-7,10,16-18H,1H2,(H2,11,12,13)/t4-,6-,7-,10-/m1/s1","Adenosine(neg)","NCBITAXON:http://purl.bioontology.org/ontology/NCBITAXON/9606","Homo sapiens"
"109","M109","Guanosine","5.1066846316265","0","CHEBI:16750","C10H13N5O5","Nc1nc2n(cnc2c(=O)[nH]1)[C@@H]1O[C@H](CO)[C@@H](O)[C@H]1O","InChI=1S/C10H13N5O5/c11-10-13-7-4(8(19)14-10)12-2-15(7)9-6(18)5(17)3(1-16)20-9/h2-3,5-6,9,16-18H,1H2,(H3,11,13,14,19)/t3-,5-,6-,9-/m1/s1","Guanosine","NCBITAXON:http://purl.bioontology.org/ontology/NCBITAXON/9606","Homo sapiens"
"110","M110","Orotate","63.027123810872","0","CHEBI:16742","C5H4N2O4","OC(=O)c1cc(=O)[nH]c(=O)[nH]1","InChI=1S/C5H4N2O4/c8-3-1-2(4(9)10)6-5(11)7-3/h1H,(H,9,10)(H2,6,7,8,11)","Orotate","NCBITAXON:http://purl.bioontology.org/ontology/NCBITAXON/9606","Homo sapiens"
"111","M111","Uracil","30.322803955666","0","CHEBI:17568","C4H4N2O2","O=c1cc[nH]c(=O)[nH]1","InChI=1S/C4H4N2O2/c7-3-1-2-5-4(8)6-3/h1-2H,(H2,5,6,7,8)","Uracil","NCBITAXON:http://purl.bioontology.org/ontology/NCBITAXON/9606","Homo sapiens"
"112","M112","Pseudouridine","22.751332441277","0","CHEBI:17802","C9H12N2O6","OC[C@H]1O[C@H]([C@H](O)[C@@H]1O)c1c[nH]c(=O)[nH]c1=O","InChI=1S/C9H12N2O6/c12-2-4-5(13)6(14)7(17-4)3-1-10-9(16)11-8(3)15/h1,4-7,12-14H,2H2,(H2,10,11,15,16)/t4-,5-,6-,7+/m1/s1","Pseudouridine","NCBITAXON:http://purl.bioontology.org/ontology/NCBITAXON/9606","Homo sapiens"
"113","M113","Uridine","21.733601828801","0","CHEBI:16704","C9H12N2O6","OC[C@H]1O[C@H]([C@H](O)[C@@H]1O)n1ccc(=O)[nH]c1=O","InChI=1S/C9H12N2O6/c12-3-4-6(14)7(15)8(17-4)11-2-1-5(13)10-9(11)16/h1-2,4,6-8,12,14-15H,3H2,(H,10,13,16)/t4-,6-,7-,8-/m1/s1","Uridine","NCBITAXON:http://purl.bioontology.org/ontology/NCBITAXON/9606","Homo sapiens"
"114","M114","Homovanillate","29.187743980293","0","CHEBI:545959","C9H10O4","COc1cc(CC(O)=O)ccc1O","InChI=1S/C9H10O4/c1-13-8-4-6(5-9(11)12)2-3-7(8)10/h2-4,10H,5H2,1H3,(H,11,12)","Homovanillate","NCBITAXON:http://purl.bioontology.org/ontology/NCBITAXON/9606","Homo sapiens"
"115","M115","3-Methoxy-4-hydroxymandelate","36.50122592244","0","CHEBI:20106","C9H10O5","COc1cc(ccc1O)C(O)C(O)=O","InChI=1S/C9H10O5/c1-14-7-4-5(2-3-6(7)10)8(11)9(12)13/h2-4,8,10-11H,1H3,(H,12,13)","3-Methoxy-4-hydroxymandelate","NCBITAXON:http://purl.bioontology.org/ontology/NCBITAXON/9606","Homo sapiens"
"116","M116","Nicotinamide","9.9314341053896","0","CHEBI:17154","C6H6N2O","NC(=O)c1cccnc1","InChI=1S/C6H6N2O/c7-6(9)5-2-1-3-8-4-5/h1-4H,(H2,7,9)","Nicotinamide","NCBITAXON:http://purl.bioontology.org/ontology/NCBITAXON/9606","Homo sapiens"
"117","M117","Raffinose","35.999685653856","0","CHEBI:16634","C18H32O16","OC[C@H]1O[C@H](OC[C@H]2O[C@H](O[C@]3(CO)O[C@H](CO)[C@@H](O)[C@@H]3O)[C@H](O)[C@@H](O)[C@@H]2O)[C@H](O)[C@@H](O)[C@H]1O","InChI=1S/C18H32O16/c19-1-5-8(22)11(25)13(27)16(31-5)30-3-7-9(23)12(26)14(28)17(32-7)34-18(4-21)15(29)10(24)6(2-20)33-18/h5-17,19-29H,1-4H2/t5-,6-,7-,8+,9-,10-,11+,12+,13-,14-,15+,16+,17-,18+/m1/s1","Raffinose","NCBITAXON:http://purl.bioontology.org/ontology/NCBITAXON/9606","Homo sapiens"
"118","M118","Maltotriose","35.999685653856","0","CHEBI:27931","C18H32O16","OC[C@H]1O[C@H](O[C@H]2[C@H](O)[C@@H](O)[C@@H](O[C@H]3[C@H](O)[C@@H](O)[C@@H](O)O[C@@H]3CO)O[C@@H]2CO)[C@H](O)[C@@H](O)[C@@H]1O","InChI=1S/C18H32O16/c19-1-4-7(22)8(23)12(27)17(31-4)34-15-6(3-21)32-18(13(28)10(15)25)33-14-5(2-20)30-16(29)11(26)9(14)24/h4-29H,1-3H2/t4-,5-,6-,7-,8+,9-,10-,11-,12-,13-,14-,15-,16+,17-,18-/m1/s1","Maltotriose","NCBITAXON:http://purl.bioontology.org/ontology/NCBITAXON/9606","Homo sapiens"
"119","M119","Melezitose","35.999685653856","0","CHEBI:6731","C18H32O16","OC[C@H]1O[C@H](O[C@H]2[C@H](O)[C@@H](CO)O[C@@]2(CO)O[C@H]2O[C@H](CO)[C@@H](O)[C@H](O)[C@H]2O)[C@H](O)[C@@H](O)[C@@H]1O","InChI=1S/C18H32O16/c19-1-5-8(23)11(26)13(28)16(30-5)32-15-10(25)7(3-21)33-18(15,4-22)34-17-14(29)12(27)9(24)6(2-20)31-17/h5-17,19-29H,1-4H2/t5-,6-,7-,8-,9-,10-,11+,12+,13-,14-,15+,16-,17-,18+/m1/s1","Melezitose","NCBITAXON:http://purl.bioontology.org/ontology/NCBITAXON/9606","Homo sapiens"
"120","M120","Thiamine","14.110800823601","0","CHEBI:18385","C12H17N4OS+","Cc1ncc(C[n+]2csc(CCO)c2C)c(N)n1","InChI=1S/C12H17N4OS/c1-8-11(3-4-17)18-7-16(8)6-10-5-14-9(2)15-12(10)13/h5,7,17H,3-4,6H2,1-2H3,(H2,13,14,15)/q+1","Thiamine","NCBITAXON:http://purl.bioontology.org/ontology/NCBITAXON/9606","Homo sapiens"
"121","M121","Lactose","20.898246872403","0","CHEBI:17716","C12H22O11","OC[C@H]1O[C@@H](O[C@@H]2[C@@H](CO)OC(O)[C@H](O)[C@H]2O)[C@H](O)[C@@H](O)[C@H]1O","InChI=1S/C12H22O11/c13-1-3-5(15)6(16)9(19)12(22-3)23-10-4(2-14)21-11(20)8(18)7(10)17/h3-20H,1-2H2/t3-,4-,5+,6+,7-,8-,9-,10-,11?,12+/m1/s1","Lactose","NCBITAXON:http://purl.bioontology.org/ontology/NCBITAXON/9606","Homo sapiens"
"122","M122","Melibiose","20.898246872403","0","CHEBI:28053","C12H22O11","OC[C@H]1O[C@H](OC[C@H]2OC(O)[C@H](O)[C@@H](O)[C@@H]2O)[C@H](O)[C@@H](O)[C@H]1O","InChI=1S/C12H22O11/c13-1-3-5(14)8(17)10(19)12(23-3)21-2-4-6(15)7(16)9(18)11(20)22-4/h3-20H,1-2H2/t3-,4-,5+,6-,7+,8+,9-,10-,11?,12+/m1/s1","Melibiose","NCBITAXON:http://purl.bioontology.org/ontology/NCBITAXON/9606","Homo sapiens"
"123","M123","Sucrose","20.898246872403","0","CHEBI:17992","C12H22O11","OC[C@H]1O[C@H](O[C@]2(CO)O[C@H](CO)[C@@H](O)[C@@H]2O)[C@H](O)[C@@H](O)[C@@H]1O","InChI=1S/C12H22O11/c13-1-4-6(16)8(18)9(19)11(21-4)23-12(3-15)10(20)7(17)5(2-14)22-12/h4-11,13-20H,1-3H2/t4-,5-,6-,7-,8+,9-,10+,11-,12+/m1/s1","Sucrose","NCBITAXON:http://purl.bioontology.org/ontology/NCBITAXON/9606","Homo sapiens"
"124","M124","Maltose","20.898246872403","0","CHEBI:17306","C12H22O11","OC[C@H]1O[C@H](O[C@@H]2[C@@H](CO)OC(O)[C@H](O)[C@H]2O)[C@H](O)[C@@H](O)[C@@H]1O","InChI=1S/C12H22O11/c13-1-3-5(15)6(16)9(19)12(22-3)23-10-4(2-14)21-11(20)8(18)7(10)17/h3-20H,1-2H2/t3-,4-,5-,6+,7-,8-,9-,10-,11?,12-/m1/s1","Maltose","NCBITAXON:http://purl.bioontology.org/ontology/NCBITAXON/9606","Homo sapiens"
"125","M125","N-Acetylneuraminate","19.925498466288","0","CHEBI:17012","C11H19NO9","[H][C@]1(OC(O)(C[C@H](O)[C@H]1NC(C)=O)C(O)=O)[C@H](O)[C@H](O)CO","InChI=1S/C11H19NO9/c1-4(14)12-7-5(15)2-11(20,10(18)19)21-9(7)8(17)6(16)3-13/h5-9,13,15-17,20H,2-3H2,1H3,(H,12,14)(H,18,19)/t5-,6+,7+,8+,9+,11?/m0/s1","N-Acetylneuraminate","NCBITAXON:http://purl.bioontology.org/ontology/NCBITAXON/9606","Homo sapiens"
"126","M126","Ethanolaminephosphate","18.229299958786","0","CHEBI:17553","C2H8NO4P","NCCOP(O)(O)=O","InChI=1S/C2H8NO4P/c3-1-2-7-8(4,5)6/h1-3H2,(H2,4,5,6)","Ethanolaminephosphate","NCBITAXON:http://purl.bioontology.org/ontology/NCBITAXON/9606","Homo sapiens"
"127","M127","L-Aspartate","14.649018075432","0","CHEBI:17053","C4H7NO4","N[C@@H](CC(O)=O)C(O)=O","InChI=1S/C4H7NO4/c5-2(4(8)9)1-3(6)7/h2H,1,5H2,(H,6,7)(H,8,9)/t2-/m0/s1","L-Aspartate","NCBITAXON:http://purl.bioontology.org/ontology/NCBITAXON/9606","Homo sapiens"
"128","M128","L-Glutamine","11.199712105209","0","CHEBI:18050","C5H10N2O3","N[C@@H](CCC(N)=O)C(O)=O","InChI=1S/C5H10N2O3/c6-3(5(9)10)1-2-4(7)8/h3H,1-2,6H2,(H2,7,8)(H,9,10)/t3-/m0/s1","L-Glutamine","NCBITAXON:http://purl.bioontology.org/ontology/NCBITAXON/9606","Homo sapiens"
"129","M129","Glycine","9.1284037691682","0","CHEBI:15428","C2H5NO2","NCC(O)=O","InChI=1S/C2H5NO2/c3-1-2(4)5/h1,3H2,(H,4,5)","Glycine","NCBITAXON:http://purl.bioontology.org/ontology/NCBITAXON/9606","Homo sapiens"
"130","M130","5-Aminolevulinate","5.4304876726605","0","CHEBI:17549","C5H9NO3","NCC(=O)CCC(O)=O","InChI=1S/C5H9NO3/c6-3-4(7)1-2-5(8)9/h1-3,6H2,(H,8,9)","5-Aminolevulinate","NCBITAXON:http://purl.bioontology.org/ontology/NCBITAXON/9606","Homo sapiens"
"131","M131","Creatine","5.4304876726605","0","CHEBI:16919","C4H9N3O2","CN(CC(O)=O)C(N)=N","InChI=1S/C4H9N3O2/c1-7(4(5)6)2-3(8)9/h2H2,1H3,(H3,5,6)(H,8,9)","Creatine","NCBITAXON:http://purl.bioontology.org/ontology/NCBITAXON/9606","Homo sapiens"
"132","M132","L-Leucine","5.1057810751831","0","CHEBI:15603","C6H13NO2","CC(C)C[C@H](N)C(O)=O","InChI=1S/C6H13NO2/c1-4(2)3-5(7)6(8)9/h4-5H,3,7H2,1-2H3,(H,8,9)/t5-/m0/s1","L-Leucine","NCBITAXON:http://purl.bioontology.org/ontology/NCBITAXON/9606","Homo sapiens"
"133","M133","L-Isoleucine","5.1057810751831","0","CHEBI:17191","C6H13NO2","CC[C@H](C)[C@H](N)C(O)=O","InChI=1S/C6H13NO2/c1-3-4(2)5(7)6(8)9/h4-5H,3,7H2,1-2H3,(H,8,9)/t4-,5-/m0/s1","L-Isoleucine","NCBITAXON:http://purl.bioontology.org/ontology/NCBITAXON/9606","Homo sapiens"
"134","M134","Alloisoleucine","5.1057810751831","0","CHEBI:22359","C6H13NO2","","","Alloisoleucine","NCBITAXON:http://purl.bioontology.org/ontology/NCBITAXON/9606","Homo sapiens"
"135","M135","trans-4-Hydroxy-L-proline","5.1057810751831","0","CHEBI:18095","C5H9NO3","O[C@H]1CN[C@@H](C1)C(O)=O","InChI=1S/C5H9NO3/c7-3-1-4(5(8)9)6-2-3/h3-4,6-7H,1-2H2,(H,8,9)/t3-,4+/m1/s1","trans-4-Hydroxy-L-proline","NCBITAXON:http://purl.bioontology.org/ontology/NCBITAXON/9606","Homo sapiens"
"136","M136","L-Norleucine","5.1057810751831","0","CHEBI:18347","C6H13NO2","CCCC[C@H](N)C(O)=O","InChI=1S/C6H13NO2/c1-2-3-4-5(7)6(8)9/h5H,2-4,7H2,1H3,(H,8,9)/t5-/m0/s1","L-Norleucine","NCBITAXON:http://purl.bioontology.org/ontology/NCBITAXON/9606","Homo sapiens"
"137","M137","L-Phenylalanine","5.5712792515611","0","CHEBI:17295","C9H11NO2","N[C@@H](Cc1ccccc1)C(O)=O","InChI=1S/C9H11NO2/c10-8(9(11)12)6-7-4-2-1-3-5-7/h1-5,8H,6,10H2,(H,11,12)/t8-/m0/s1","L-Phenylalanine","NCBITAXON:http://purl.bioontology.org/ontology/NCBITAXON/9606","Homo sapiens"
"138","M138","L-Lysine","9.7764215435865","0","CHEBI:18019","C6H14N2O2","NCCCC[C@H](N)C(O)=O","InChI=1S/C6H14N2O2/c7-4-2-1-3-5(8)6(9)10/h5H,1-4,7-8H2,(H,9,10)/t5-/m0/s1","L-Lysine","NCBITAXON:http://purl.bioontology.org/ontology/NCBITAXON/9606","Homo sapiens"
"139","M139","L-Arginine","24.01158963019","0","CHEBI:16467","C6H14N4O2","N[C@@H](CCCNC(N)=N)C(O)=O","InChI=1S/C6H14N4O2/c7-4(5(11)12)2-1-3-10-6(8)9/h4H,1-3,7H2,(H,11,12)(H4,8,9,10)/t4-/m0/s1","L-Arginine","NCBITAXON:http://purl.bioontology.org/ontology/NCBITAXON/9606","Homo sapiens"
"140","M140","Homocarnosine","12.803978522214","0","CHEBI:28050","C10H16N4O3","NCCCC(=O)NC(Cc1c[nH]cn1)C(O)=O","InChI=1S/C10H16N4O3/c11-3-1-2-9(15)14-8(10(16)17)4-7-5-12-6-13-7/h5-6,8H,1-4,11H2,(H,12,13)(H,14,15)(H,16,17)","Homocarnosine","NCBITAXON:http://purl.bioontology.org/ontology/NCBITAXON/9606","Homo sapiens"
"141","M141","Guanidinoacetate","2.9627171978188","0","CHEBI:16344","C3H7N3O2","C(CNC(=N)N)(O)=O","InChI=1S/C3H7N3O2/c4-3(5)6-1-2(7)8/h1H2,(H,7,8)(H4,4,5,6)","Guanidinoacetate","NCBITAXON:http://purl.bioontology.org/ontology/NCBITAXON/9606","Homo sapiens"
"142","M142","S-Adenosyl-L-methionine","7.1881333968554","0","CHEBI:15414","C15H23N6O5S+","C[S+](CC[C@H](N)C(O)=O)C[C@H]1O[C@H]([C@H](O)[C@@H]1O)n1cnc2c(N)ncnc12","InChI=1S/C15H22N6O5S/c1-27(3-2-7(16)15(24)25)4-8-10(22)11(23)14(26-8)21-6-20-9-12(17)18-5-19-13(9)21/h5-8,10-11,14,22-23H,2-4,16H2,1H3,(H2-,17,18,19,24,25)/p+1/t7-,8+,10+,11+,14+,27?/m0/s1","S-Adenosyl-L-methionine","NCBITAXON:http://purl.bioontology.org/ontology/NCBITAXON/9606","Homo sapiens"
"143","M143","S-Adenosyl-L-homocysteine","15.15877150665","0","CHEBI:16680","C14H20N6O5S","N[C@@H](CCSC[C@H]1O[C@H]([C@H](O)[C@@H]1O)n1cnc2c(N)ncnc12)C(O)=O","InChI=1S/C14H20N6O5S/c15-6(14(23)24)1-2-26-3-7-9(21)10(22)13(25-7)20-5-19-8-11(16)17-4-18-12(8)20/h4-7,9-10,13,21-22H,1-3,15H2,(H,23,24)(H2,16,17,18)/t6-,7+,9+,10+,13+/m0/s1","S-Adenosyl-L-homocysteine","NCBITAXON:http://purl.bioontology.org/ontology/NCBITAXON/9606","Homo sapiens"
"144","M144","Xanthurenate","6.3391151753725","0","CHEBI:10072","C10H7NO4","OC(=O)c1cc(O)c2cccc(O)c2n1","InChI=1S/C10H7NO4/c12-7-3-1-2-5-8(13)4-6(10(14)15)11-9(5)7/h1-4,12H,(H,11,13)(H,14,15)","Xanthurenate","NCBITAXON:http://purl.bioontology.org/ontology/NCBITAXON/9606","Homo sapiens"
"145","M145","Cytidine","5.221700265609","0","CHEBI:17562","C9H13N3O5","Nc1ccn([C@@H]2O[C@H](CO)[C@@H](O)[C@H]2O)c(=O)n1","InChI=1S/C9H13N3O5/c10-5-1-2-12(9(16)11-5)8-7(15)6(14)4(3-13)17-8/h1-2,4,6-8,13-15H,3H2,(H2,10,11,16)/t4-,6-,7-,8-/m1/s1","Cytidine","NCBITAXON:http://purl.bioontology.org/ontology/NCBITAXON/9606","Homo sapiens"
"146","M146","CMP","13.783823983495","0","CHEBI:17361","C9H14N3O8P","Nc1ccn([C@@H]2O[C@H](COP(O)(O)=O)[C@@H](O)[C@H]2O)c(=O)n1","InChI=1S/C9H14N3O8P/c10-5-1-2-12(9(15)11-5)8-7(14)6(13)4(20-8)3-19-21(16,17)18/h1-2,4,6-8,13-14H,3H2,(H2,10,11,15)(H2,16,17,18)/t4-,6-,7-,8-/m1/s1","CMP","NCBITAXON:http://purl.bioontology.org/ontology/NCBITAXON/9606","Homo sapiens"
"147","M147","Galactitol","16.320625736816","0","CHEBI:17505","C12H22O11","OC[C@H]1O[C@H](O[C@H]2[C@@H](O)[C@@H](O)[C@H](O)[C@@H](O)[C@@H]2O)[C@H](O)[C@@H](O)[C@H]1O","InChI=1S/C12H22O11/c13-1-2-3(14)4(15)10(21)12(22-2)23-11-8(19)6(17)5(16)7(18)9(11)20/h2-21H,1H2/t2-,3+,4+,5-,6-,7+,8+,9+,10-,11-,12-/m1/s1","Galactitol","NCBITAXON:http://purl.bioontology.org/ontology/NCBITAXON/9606","Homo sapiens"
"148","M148","D-Mannitol","16.320625736816","0","CHEBI:16899","C6H14O6","OC[C@@H](O)[C@@H](O)[C@H](O)[C@H](O)CO","InChI=1S/C6H14O6/c7-1-3(9)5(11)6(12)4(10)2-8/h3-12H,1-2H2/t3-,4-,5-,6-/m1/s1","D-Mannitol","NCBITAXON:http://purl.bioontology.org/ontology/NCBITAXON/9606","Homo sapiens"
"149","M149","5'-Methylthioadenosine","6.9006493559499","0","CHEBI:17509","C11H15N5O3S","CSC[C@H]1O[C@H]([C@H](O)[C@@H]1O)n1cnc2c(N)ncnc12","InChI=1S/C11H15N5O3S/c1-20-2-5-7(17)8(18)11(19-5)16-4-15-6-9(12)13-3-14-10(6)16/h3-5,7-8,11,17-18H,2H2,1H3,(H2,12,13,14)/t5-,7-,8-,11-/m1/s1","5'-Methylthioadenosine","NCBITAXON:http://purl.bioontology.org/ontology/NCBITAXON/9606","Homo sapiens"
"150","M150","Nicotinamide mononucleotide","14.224367399772","0","CHEBI:16171","C11H15N2O8P","NC(=O)c1ccc[n+](c1)[C@@H]1O[C@H](COP(O)([O-])=O)[C@@H](O)[C@H]1O","InChI=1S/C11H15N2O8P/c12-10(16)6-2-1-3-13(4-6)11-9(15)8(14)7(21-11)5-20-22(17,18)19/h1-4,7-9,11,14-15H,5H2,(H3-,12,16,17,18,19)/t7-,8-,9-,11-/m1/s1","Nicotinamide mononucleotide","NCBITAXON:http://purl.bioontology.org/ontology/NCBITAXON/9606","Homo sapiens"
"151","M151","Choline","5.4410797009732","0","CHEBI:15354","C5H14NO+","C[N+](C)(C)CCO","InChI=1S/C5H14NO/c1-6(2,3)4-5-7/h7H,4-5H2,1-3H3/q+1","Choline","NCBITAXON:http://purl.bioontology.org/ontology/NCBITAXON/9606","Homo sapiens"
"152","M152","2-Oxoglutarate","9.6508893013748","0","CHEBI:30915","C5H6O5","OC(=O)CCC(=O)C(O)=O","InChI=1S/C5H6O5/c6-3(5(9)10)1-2-4(7)8/h1-2H2,(H,7,8)(H,9,10)","2-Oxoglutarate","NCBITAXON:http://purl.bioontology.org/ontology/NCBITAXON/9606","Homo sapiens"
"153","M153","cis-Aconitate","15.185382405396","0","CHEBI:32805","C6H6O6","OC(=O)CC(=CC(O)=O)C(O)=O","InChI=1S/C6H6O6/c7-4(8)1-3(6(11)12)2-5(9)10/h1H,2H2,(H,7,8)(H,9,10)(H,11,12)/b3-1-","cis-Aconitate","NCBITAXON:http://purl.bioontology.org/ontology/NCBITAXON/9606","Homo sapiens"
"154","M154","Carnitine","11.401677685508","0","CHEBI:17126","C7H15NO3","C[N+](C)(C)CC(O)CC([O-])=O","InChI=1S/C7H15NO3/c1-8(2,3)5-6(9)4-7(10)11/h6,9H,4-5H2,1-3H3","Carnitine","NCBITAXON:http://purl.bioontology.org/ontology/NCBITAXON/9606","Homo sapiens"
"155","M155","Oxaloacetate","6.7344693768389","0","CHEBI:30744","C4H4O5","OC(=O)CC(=O)C(O)=O","InChI=1S/C4H4O5/c5-2(4(8)9)1-3(6)7/h1H2,(H,6,7)(H,8,9)","Oxaloacetate","NCBITAXON:http://purl.bioontology.org/ontology/NCBITAXON/9606","Homo sapiens"
"156","M156","Glutarate","6.7344693768389","0","CHEBI:17859","C5H8O4","OC(=O)CCCC(O)=O","InChI=1S/C5H8O4/c6-4(7)2-1-3-5(8)9/h1-3H2,(H,6,7)(H,8,9)","Glutarate","NCBITAXON:http://purl.bioontology.org/ontology/NCBITAXON/9606","Homo sapiens"
"157","M157","Ethylmalonic acid","6.7344693768389","0","CHEBI:741548","C5H8O4","CCC(C(O)=O)C(O)=O","InChI=1S/C5H8O4/c1-2-3(4(6)7)5(8)9/h3H,2H2,1H3,(H,6,7)(H,8,9)","Ethylmalonic acid","NCBITAXON:http://purl.bioontology.org/ontology/NCBITAXON/9606","Homo sapiens"
"158","M158","D-Glycerate","19.299548505783","0","CHEBI:32398","C3H6O4","OC[C@@H](O)C(O)=O","InChI=1S/C3H6O4/c4-1-2(5)3(6)7/h2,4-5H,1H2,(H,6,7)/t2-/m1/s1","D-Glycerate","NCBITAXON:http://purl.bioontology.org/ontology/NCBITAXON/9606","Homo sapiens"
"159","M159","3-Phospho-D-glycerate","51.1413751644","0","CHEBI:17794","C3H7O7P","O[C@H](COP(O)(O)=O)C(O)=O","InChI=1S/C3H7O7P/c4-2(3(5)6)1-10-11(7,8)9/h2,4H,1H2,(H,5,6)(H2,7,8,9)/t2-/m1/s1","3-Phospho-D-glycerate","NCBITAXON:http://purl.bioontology.org/ontology/NCBITAXON/9606","Homo sapiens"
"160","M160","D-Glucose 6-phosphate","34.049386960617","0","CHEBI:14314","C6H13O9P","","","D-Glucose 6-phosphate","NCBITAXON:http://purl.bioontology.org/ontology/NCBITAXON/9606","Homo sapiens"
"161","M161","D-Glucose 1-phosphate","34.049386960617","0","CHEBI:16077","C6H13O9P","OC[C@H]1OC(OP(O)(O)=O)[C@H](O)[C@@H](O)[C@@H]1O","InChI=1S/C6H13O9P/c7-1-2-3(8)4(9)5(10)6(14-2)15-16(11,12)13/h2-10H,1H2,(H2,11,12,13)/t2-,3-,4+,5-,6?/m1/s1","D-Glucose 1-phosphate","NCBITAXON:http://purl.bioontology.org/ontology/NCBITAXON/9606","Homo sapiens"
"162","M162","D-Fructose 6-phosphate","34.049386960617","0","CHEBI:78697","C6H13O9P","","","D-Fructose 6-phosphate","NCBITAXON:http://purl.bioontology.org/ontology/NCBITAXON/9606","Homo sapiens"
"163","M163","alpha-D-Galactose 1-phosphate","34.049386960617","0","CHEBI:17973","C6H13O9P","OC[C@H]1O[C@H](OP(O)(O)=O)[C@H](O)[C@@H](O)[C@H]1O","InChI=1S/C6H13O9P/c7-1-2-3(8)4(9)5(10)6(14-2)15-16(11,12)13/h2-10H,1H2,(H2,11,12,13)/t2-,3+,4+,5-,6-/m1/s1","alpha-D-Galactose 1-phosphate","NCBITAXON:http://purl.bioontology.org/ontology/NCBITAXON/9606","Homo sapiens"
"164","M164","D-Glucose 1-phosphate","16.100565298817","0","CHEBI:16077","C6H13O9P","OC[C@H]1OC(OP(O)(O)=O)[C@H](O)[C@@H](O)[C@@H]1O","InChI=1S/C6H13O9P/c7-1-2-3(8)4(9)5(10)6(14-2)15-16(11,12)13/h2-10H,1H2,(H2,11,12,13)/t2-,3-,4+,5-,6?/m1/s1","D-Glucose 1-phosphate","NCBITAXON:http://purl.bioontology.org/ontology/NCBITAXON/9606","Homo sapiens"
"165","M165","D-Glucose 6-phosphate","16.100565298817","0","CHEBI:14314","C6H13O9P","","","D-Glucose 6-phosphate","NCBITAXON:http://purl.bioontology.org/ontology/NCBITAXON/9606","Homo sapiens"
"166","M166","D-Fructose 6-phosphate","16.100565298817","0","CHEBI:78697","C6H13O9P","","","D-Fructose 6-phosphate","NCBITAXON:http://purl.bioontology.org/ontology/NCBITAXON/9606","Homo sapiens"
"167","M167","alpha-D-Galactose 1-phosphate","16.100565298817","0","CHEBI:17973","C6H13O9P","OC[C@H]1O[C@H](OP(O)(O)=O)[C@H](O)[C@@H](O)[C@H]1O","InChI=1S/C6H13O9P/c7-1-2-3(8)4(9)5(10)6(14-2)15-16(11,12)13/h2-10H,1H2,(H2,11,12,13)/t2-,3+,4+,5-,6-/m1/s1","alpha-D-Galactose 1-phosphate","NCBITAXON:http://purl.bioontology.org/ontology/NCBITAXON/9606","Homo sapiens"
"168","M168","D-Erythrose 4-phosphate","13.948378908295","0","CHEBI:48153","C4H9O7P","[H]C(=O)[C@H](O)[C@H](O)COP(O)(O)=O","InChI=1S/C4H9O7P/c5-1-3(6)4(7)2-11-12(8,9)10/h1,3-4,6-7H,2H2,(H2,8,9,10)/t3-,4+/m0/s1","D-Erythrose 4-phosphate","NCBITAXON:http://purl.bioontology.org/ontology/NCBITAXON/9606","Homo sapiens"
"169","M169","N-Acetyl-D-mannosamine","8.7362301073464","0","CHEBI:63153","C8H15NO6","CC(=O)N[C@@H]1C(O)O[C@H](CO)[C@@H](O)[C@@H]1O","InChI=1S/C8H15NO6/c1-3(11)9-5-7(13)6(12)4(2-10)15-8(5)14/h4-8,10,12-14H,2H2,1H3,(H,9,11)/t4-,5+,6-,7-,8?/m1/s1","N-Acetyl-D-mannosamine","NCBITAXON:http://purl.bioontology.org/ontology/NCBITAXON/9606","Homo sapiens"
"170","M170","N-Acetyl-D-galactosamine","8.7362301073464","0","CHEBI:28037","C8H15NO6","CC(=O)N[C@H]1C(O)O[C@H](CO)[C@H](O)[C@@H]1O","InChI=1S/C8H15NO6/c1-3(11)9-5-7(13)6(12)4(2-10)15-8(5)14/h4-8,10,12-14H,2H2,1H3,(H,9,11)/t4-,5-,6+,7-,8?/m1/s1","N-Acetyl-D-galactosamine","NCBITAXON:http://purl.bioontology.org/ontology/NCBITAXON/9606","Homo sapiens"
"171","M171","N-Acetyl-D-glucosamine","8.7362301073464","0","CHEBI:506227","C8H15NO6","CC(=O)N[C@H]1C(O)O[C@H](CO)[C@@H](O)[C@@H]1O","InChI=1S/C8H15NO6/c1-3(11)9-5-7(13)6(12)4(2-10)15-8(5)14/h4-8,10,12-14H,2H2,1H3,(H,9,11)/t4-,5-,6-,7-,8?/m1/s1","N-Acetyl-D-glucosamine","NCBITAXON:http://purl.bioontology.org/ontology/NCBITAXON/9606","Homo sapiens"
"172","M172","5-Hydroxyindoleacetate","20.458244279821","0","CHEBI:27823","C10H9NO3","OC(=O)Cc1c[nH]c2ccc(O)cc12","InChI=1S/C10H9NO3/c12-7-1-2-9-8(4-7)6(5-11-9)3-10(13)14/h1-2,4-5,11-12H,3H2,(H,13,14)","5-Hydroxyindoleacetate","NCBITAXON:http://purl.bioontology.org/ontology/NCBITAXON/9606","Homo sapiens"
"173","M173","Sorbitol 6-phosphate","24.516427271671","0","CHEBI:17044","C6H15O9P","OC[C@H](O)[C@@H](O)[C@H](O)[C@H](O)COP(O)(O)=O","InChI=1S/C6H15O9P/c7-1-3(8)5(10)6(11)4(9)2-15-16(12,13)14/h3-11H,1-2H2,(H2,12,13,14)/t3-,4+,5+,6+/m0/s1","Sorbitol 6-phosphate","NCBITAXON:http://purl.bioontology.org/ontology/NCBITAXON/9606","Homo sapiens"
"174","M174","Porphobilinogen","13.171443822814","0","CHEBI:17381","C10H14N2O4","NCc1[nH]cc(CCC(O)=O)c1CC(O)=O","InChI=1S/C10H14N2O4/c11-4-8-7(3-10(15)16)6(5-12-8)1-2-9(13)14/h5,12H,1-4,11H2,(H,13,14)(H,15,16)","Porphobilinogen","NCBITAXON:http://purl.bioontology.org/ontology/NCBITAXON/9606","Homo sapiens"
"175","M175","5-Methyltetrahydrofolate","16.117864564353","0","CHEBI:15641","C20H25N7O6","CN1[C@@H](CNc2ccc(cc2)C(=O)N[C@@H](CCC(O)=O)C(O)=O)CNc2nc(N)[nH]c(=O)c12","InChI=1S/C20H25N7O6/c1-27-12(9-23-16-15(27)18(31)26-20(21)25-16)8-22-11-4-2-10(3-5-11)17(30)24-13(19(32)33)6-7-14(28)29/h2-5,12-13,22H,6-9H2,1H3,(H,24,30)(H,28,29)(H,32,33)(H4,21,23,25,26,31)/t12-,13-/m0/s1","5-Methyltetrahydrofolate","NCBITAXON:http://purl.bioontology.org/ontology/NCBITAXON/9606","Homo sapiens"
"176","M176","2-Amino-4-hydroxy-6-(D-erythro-1,2,3-trihydroxypropyl)-7,8-dihydropteridine","6.3644249556708","0","CHEBI:17001","C9H13N5O4","Nc1nc2NCC(=Nc2c(=O)[nH]1)[C@H](O)[C@H](O)CO","InChI=1S/C9H13N5O4/c10-9-13-7-5(8(18)14-9)12-3(1-11-7)6(17)4(16)2-15/h4,6,15-17H,1-2H2,(H4,10,11,13,14,18)/t4-,6+/m1/s1","2-Amino-4-hydroxy-6-(D-erythro-1,2,3-trihydroxypropyl)-7,8-dihydropteridine","NCBITAXON:http://purl.bioontology.org/ontology/NCBITAXON/9606","Homo sapiens"
"177","M177","N6-(L-1,3-Dicarboxypropyl)-L-lysine","5.6378421547219","0","CHEBI:16927","C11H20N2O6","N[C@@H](CCCCN[C@@H](CCC(O)=O)C(O)=O)C(O)=O","InChI=1S/C11H20N2O6/c12-7(10(16)17)3-1-2-6-13-8(11(18)19)4-5-9(14)15/h7-8,13H,1-6,12H2,(H,14,15)(H,16,17)(H,18,19)/t7-,8-/m0/s1","N6-(L-1,3-Dicarboxypropyl)-L-lysine","NCBITAXON:http://purl.bioontology.org/ontology/NCBITAXON/9606","Homo sapiens"
"178","M178","3-Methoxytyramine","9.598303065696","0","CHEBI:1582","C9H13NO2","C1(=CC(=CC=C1O)CCN)OC","InChI=1S/C9H13NO2/c1-12-9-6-7(4-5-10)2-3-8(9)11/h2-3,6,11H,4-5,10H2,1H3","3-Methoxytyramine","NCBITAXON:http://purl.bioontology.org/ontology/NCBITAXON/9606","Homo sapiens"
"179","M179","2-Hydroxyglutarate","15.064579391015","0","CHEBI:17084","C5H8O5","OC(CCC(O)=O)C(O)=O","InChI=1S/C5H8O5/c6-3(5(9)10)1-2-4(7)8/h3,6H,1-2H2,(H,7,8)(H,9,10)","2-Hydroxyglutarate","NCBITAXON:http://purl.bioontology.org/ontology/NCBITAXON/9606","Homo sapiens"
"180","M180","Butyrylglycine","25.7629975751","0","CHEBI:89963","C6H11NO3","C(CNC(=O)CCC)(=O)O","InChI=1S/C6H11NO3/c1-2-3-5(8)7-4-6(9)10/h2-4H2,1H3,(H,7,8)(H,9,10)","Butyrylglycine","NCBITAXON:http://purl.bioontology.org/ontology/NCBITAXON/9606","Homo sapiens"
"181","M181","Isobutyrylglycine","25.7629975751","0","CHEBI:70979","C6H11NO3","CC(C)C(=O)NCC(O)=O","InChI=1S/C6H11NO3/c1-4(2)6(10)7-3-5(8)9/h4H,3H2,1-2H3,(H,7,10)(H,8,9)","Isobutyrylglycine","NCBITAXON:http://purl.bioontology.org/ontology/NCBITAXON/9606","Homo sapiens"
"182","M182","hexanoylglycine","18.489418753742","0","CHEBI:64390","C8H15NO3","CCCCCC(=O)NCC(O)=O","InChI=1S/C8H15NO3/c1-2-3-4-5-7(10)9-6-8(11)12/h2-6H2,1H3,(H,9,10)(H,11,12)","hexanoylglycine","NCBITAXON:http://purl.bioontology.org/ontology/NCBITAXON/9606","Homo sapiens"
"183","M183","2-methylbutyrylglycine","25.992310341916","0","CHEBI:86366","C7H13NO3","CCC(C)C(=O)NCC(O)=O","InChI=1S/C7H13NO3/c1-3-5(2)7(11)8-4-6(9)10/h5H,3-4H2,1-2H3,(H,8,11)(H,9,10)","2-methylbutyrylglycine","NCBITAXON:http://purl.bioontology.org/ontology/NCBITAXON/9606","Homo sapiens"
"184","M184","isovalerylglycine","25.992310341916","0","CHEBI:70984","C7H13NO3","CC(C)CC(=O)NCC(O)=O","InChI=1S/C7H13NO3/c1-5(2)3-6(9)8-4-7(10)11/h5H,3-4H2,1-2H3,(H,8,9)(H,10,11)","isovalerylglycine","NCBITAXON:http://purl.bioontology.org/ontology/NCBITAXON/9606","Homo sapiens"
"185","M185","N-Acetyl-L-alanine","40.240492483131","0","CHEBI:40992","C5H9NO3","C[C@H](NC(C)=O)C(O)=O","InChI=1S/C5H9NO3/c1-3(5(8)9)6-4(2)7/h3H,1-2H3,(H,6,7)(H,8,9)/t3-/m0/s1","N-Acetyl-L-alanine","NCBITAXON:http://purl.bioontology.org/ontology/NCBITAXON/9606","Homo sapiens"
"186","M186","2-Furoylglycine","21.964014388909","0","CHEBI:82912","C7H7NO4","O1C=CC=C1C(NCC(O)=O)=O","InChI=1S/C7H7NO4/c9-6(10)4-8-7(11)5-2-1-3-12-5/h1-3H,4H2,(H,8,11)(H,9,10)","2-Furoylglycine","NCBITAXON:http://purl.bioontology.org/ontology/NCBITAXON/9606","Homo sapiens"
"187","M187","Hydrocinnamic acid","22.597288000059","0","CHEBI:28631","C9H10O2","OC(=O)CCc1ccccc1","InChI=1S/C9H10O2/c10-9(11)7-6-8-4-2-1-3-5-8/h1-5H,6-7H2,(H,10,11)","Hydrocinnamic acid","NCBITAXON:http://purl.bioontology.org/ontology/NCBITAXON/9606","Homo sapiens"
"188","M188","1,6-Anhydro--D-glucose","11.73274347838","0","CHEBI:30997","C6H10O5","O[C@@H]1[C@H]2CO[C@H](O2)[C@H](O)[C@H]1O","InChI=1S/C6H10O5/c7-3-2-1-10-6(11-2)5(9)4(3)8/h2-9H,1H2/t2-,3-,4+,5-,6-/m1/s1","1,6-Anhydro--D-glucose","NCBITAXON:http://purl.bioontology.org/ontology/NCBITAXON/9606","Homo sapiens"
"189","M189","N,N-Dimethylarginine","23.98350968977","0","CHEBI:17929","C8H18N4O2","CN(C)C(=N)NCCC[C@H](N)C(O)=O","InChI=1S/C8H18N4O2/c1-12(2)8(10)11-5-3-4-6(9)7(13)14/h6H,3-5,9H2,1-2H3,(H2,10,11)(H,13,14)/t6-/m0/s1","N,N-Dimethylarginine","NCBITAXON:http://purl.bioontology.org/ontology/NCBITAXON/9606","Homo sapiens"
"190","M190","3-Indolepropionicacid","23.514052019337","0","CHEBI:43580","C11H11NO2","OC(=O)CCc1c[nH]c2ccccc12","InChI=1S/C11H11NO2/c13-11(14)6-5-8-7-12-10-4-2-1-3-9(8)10/h1-4,7,12H,5-6H2,(H,13,14)","3-Indolepropionicacid","NCBITAXON:http://purl.bioontology.org/ontology/NCBITAXON/9606","Homo sapiens"
"191","M191","Indoxylsulfate","21.891209028178","0","CHEBI:43355","C8H7NO4S","OS(=O)(=O)Oc1c[nH]c2ccccc12","InChI=1S/C8H7NO4S/c10-14(11,12)13-8-5-9-7-4-2-1-3-6(7)8/h1-5,9H,(H,10,11,12)","Indoxylsulfate","NCBITAXON:http://purl.bioontology.org/ontology/NCBITAXON/9606","Homo sapiens"
"192","M192","Threonic acid","29.432227325964","0","CHEBI:26984","C4H8O5","","","Threonic acid","NCBITAXON:http://purl.bioontology.org/ontology/NCBITAXON/9606","Homo sapiens"
"193","M193","Trigonelline","6.1201316138374","0","CHEBI:18123","C7H7NO2","C[n+]1cccc(c1)C([O-])=O","InChI=1S/C7H7NO2/c1-8-4-2-3-6(5-8)7(9)10/h2-5H,1H3","Trigonelline","NCBITAXON:http://purl.bioontology.org/ontology/NCBITAXON/9606","Homo sapiens"
"194","M194","(R)(-)-Allantoin","22.482104881365","0","CHEBI:15677","C4H6N4O3","NC(=O)N[C@@H]1NC(=O)NC1=O","InChI=1S/C4H6N4O3/c5-3(10)6-1-2(9)8-4(11)7-1/h1H,(H3,5,6,10)(H2,7,8,9,11)/t1-/m1/s1","(R)(-)-Allantoin","NCBITAXON:http://purl.bioontology.org/ontology/NCBITAXON/9606","Homo sapiens"
"195","M195","7-Methylguanine","19.968138804023","0","CHEBI:28664","C6H7N5O","Cn1cnc2nc(N)[nH]c(=O)c12","InChI=1S/C6H7N5O/c1-11-2-8-4-3(11)5(12)10-6(7)9-4/h2H,1H3,(H3,7,9,10,12)","7-Methylguanine","NCBITAXON:http://purl.bioontology.org/ontology/NCBITAXON/9606","Homo sapiens"
"196","M196","4-Pyridoxate","6.4102740752259","0","CHEBI:17405","C8H9NO4","Cc1ncc(CO)c(C(O)=O)c1O","InChI=1S/C8H9NO4/c1-4-7(11)6(8(12)13)5(3-10)2-9-4/h2,10-11H,3H2,1H3,(H,12,13)","4-Pyridoxate","NCBITAXON:http://purl.bioontology.org/ontology/NCBITAXON/9606","Homo sapiens"
"197","M197","Leu-Leu","29.344437014896","0","CHEBI:73531","C12H24N2O3","CC(C)C[C@H](N)C(=O)N[C@@H](CC(C)C)C(O)=O","InChI=1S/C12H24N2O3/c1-7(2)5-9(13)11(15)14-10(12(16)17)6-8(3)4/h7-10H,5-6,13H2,1-4H3,(H,14,15)(H,16,17)/t9-,10-/m0/s1","Leu-Leu","NCBITAXON:http://purl.bioontology.org/ontology/NCBITAXON/9606","Homo sapiens"
"198","M198","(5Z,8Z,11Z,14Z)-Icosatetraenoate","14.586227975764","0","CHEBI:15843","C20H32O2","CCCCCC=C/CC=C/CC=C/CC=C/CCCC(O)=O","InChI=1S/C20H32O2/c1-2-3-4-5-6-7-8-9-10-11-12-13-14-15-16-17-18-19-20(21)22/h6-7,9-10,12-13,15-16H,2-5,8,11,14,17-19H2,1H3,(H,21,22)/b7-6-,10-9-,13-12-,16-15-","(5Z,8Z,11Z,14Z)-Icosatetraenoate","NCBITAXON:http://purl.bioontology.org/ontology/NCBITAXON/9606","Homo sapiens"
"199","M199","(4Z,7Z,10Z,13Z,16Z,19Z)-Docosahexaenoate","12.935889694471","0","CHEBI:28125","C22H32O2","CCC=C/CC=C/CC=C/CC=C/CC=C/CC=C/CCC(O)=O","InChI=1S/C22H32O2/c1-2-3-4-5-6-7-8-9-10-11-12-13-14-15-16-17-18-19-20-21-22(23)24/h3-4,6-7,9-10,12-13,15-16,18-19H,2,5,8,11,14,17,20-21H2,1H3,(H,23,24)/b4-3-,7-6-,10-9-,13-12-,16-15-,19-18-","(4Z,7Z,10Z,13Z,16Z,19Z)-Docosahexaenoate","NCBITAXON:http://purl.bioontology.org/ontology/NCBITAXON/9606","Homo sapiens"
"200","M200","Succinyladenosine","26.810397499162","0","CHEBI:71169","C14H17N5O8","OC[C@H]1O[C@H]([C@H](O)[C@@H]1O)n1cnc2c(N[C@@H](CC(O)=O)C(O)=O)ncnc12","InChI=1S/C14H17N5O8/c20-2-6-9(23)10(24)13(27-6)19-4-17-8-11(15-3-16-12(8)19)18-5(14(25)26)1-7(21)22/h3-6,9-10,13,20,23-24H,1-2H2,(H,21,22)(H,25,26)(H,15,16,18)/t5-,6+,9+,10+,13+/m0/s1","Succinyladenosine","NCBITAXON:http://purl.bioontology.org/ontology/NCBITAXON/9606","Homo sapiens"
"201","M201","5-Amino-4-imidazole-N-succinocarboxamide ribonucleotide","23.717439893964","0","CHEBI:18319","C13H19N4O12P","Nc1c(ncn1[C@@H]1O[C@H](COP(O)(O)=O)[C@@H](O)[C@H]1O)C(=O)N[C@@H](CC(O)=O)C(O)=O","InChI=1S/C13H19N4O12P/c14-10-7(11(22)16-4(13(23)24)1-6(18)19)15-3-17(10)12-9(21)8(20)5(29-12)2-28-30(25,26)27/h3-5,8-9,12,20-21H,1-2,14H2,(H,16,22)(H,18,19)(H,23,24)(H2,25,26,27)/t4-,5+,8+,9+,12+/m0/s1","5-Amino-4-imidazole-N-succinocarboxamide ribonucleotide","NCBITAXON:http://purl.bioontology.org/ontology/NCBITAXON/9606","Homo sapiens"
"202","M202","N-formylglycinamideribonucleoside","25.22426357078","0","CHEBI:18272","C8H15N2O9P","O[C@H]1[C@@H](O)C(NC(=O)CNC=O)O[C@@H]1COP(O)(O)=O","InChI=1S/C8H15N2O9P/c11-3-9-1-5(12)10-8-7(14)6(13)4(19-8)2-18-20(15,16)17/h3-4,6-8,13-14H,1-2H2,(H,9,11)(H,10,12)(H2,15,16,17)/t4-,6-,7-,8?/m1/s1","N-formylglycinamideribonucleoside","NCBITAXON:http://purl.bioontology.org/ontology/NCBITAXON/9606","Homo sapiens"
"203","M203","decanoyl-L-carnitine","13.969957651616","0","CHEBI:28717","C17H33NO4","O([C@@H](C[N+](C)(C)C)CC([O-])=O)C(CCCCCCCCC)=O","InChI=1S/C17H33NO4/c1-5-6-7-8-9-10-11-12-17(21)22-15(13-16(19)20)14-18(2,3)4/h15H,5-14H2,1-4H3/t15-/m1/s1","decanoyl-L-carnitine","NCBITAXON:http://purl.bioontology.org/ontology/NCBITAXON/9606","Homo sapiens"
"204","M204","decenoyl-L-carnitine","14.056913663753","0","CHEBI:85438","C17H31NO4","C[N+](C)(C)C[C@@H](CC([O-])=O)OC([*])=O","","decenoyl-L-carnitine","NCBITAXON:http://purl.bioontology.org/ontology/NCBITAXON/9606","Homo sapiens"
"205","M205","decadienyl-L-carnitine","8.4839380643421","0","CHEBI:84098","C25H45NO4","CCCCCC=C/CC=C/CCCCCCCC(=O)O[C@H](CC([O-])=O)C[N+](C)(C)C","InChI=1S/C25H45NO4/c1-5-6-7-8-9-10-11-12-13-14-15-16-17-18-19-20-25(29)30-23(21-24(27)28)22-26(2,3)4/h9-10,12-13,23H,5-8,11,14-22H2,1-4H3/b10-9-,13-12-/t23-/m1/s1","decadienyl-L-carnitine","NCBITAXON:http://purl.bioontology.org/ontology/NCBITAXON/9606","Homo sapiens"
"206","M206","dodecanoyl-L-carnitine","13.255673180145","0","CHEBI:77086","C19H37NO4","CCCCCCCCCCCC(=O)O[C@H](CC([O-])=O)C[N+](C)(C)C","InChI=1S/C19H37NO4/c1-5-6-7-8-9-10-11-12-13-14-19(23)24-17(15-18(21)22)16-20(2,3)4/h17H,5-16H2,1-4H3/t17-/m1/s1","dodecanoyl-L-carnitine","NCBITAXON:http://purl.bioontology.org/ontology/NCBITAXON/9606","Homo sapiens"
"207","M207","dodecenoyl-L-carnitine","10.927620659431","0","CHEBI:85446","C19H35NO4","C[N+](C)(C)C[C@@H](CC([O-])=O)OC([*])=O","","dodecenoyl-L-carnitine","NCBITAXON:http://purl.bioontology.org/ontology/NCBITAXON/9606","Homo sapiens"
"208","M208","tetradecanoyl-L-carnitine","12.509712332352","0","CHEBI:84634","C21H41NO4","CCCCCCCCCCCCCC(=O)O[C@H](CC([O-])=O)C[N+](C)(C)C","InChI=1S/C21H41NO4/c1-5-6-7-8-9-10-11-12-13-14-15-16-21(25)26-19(17-20(23)24)18-22(2,3)4/h19H,5-18H2,1-4H3/t19-/m1/s1","tetradecanoyl-L-carnitine","NCBITAXON:http://purl.bioontology.org/ontology/NCBITAXON/9606","Homo sapiens"
"209","M209","hydroxytetradecadienyl-L-carnitine","12.567807578493","0","CHEBI:85453","C21H37NO5","C[N+](C)(C)C[C@@H](CC([O-])=O)OC([*])=O","","hydroxytetradecadienyl-L-carnitine","NCBITAXON:http://purl.bioontology.org/ontology/NCBITAXON/9606","Homo sapiens"
"210","M210","hexadecanoyl-L-carnitine","12.141660602296","0","CHEBI:17490","C23H45NO4","CCCCCCCCCCCCCCCC(=O)O[C@H](CC([O-])=O)C[N+](C)(C)C","InChI=1S/C23H45NO4/c1-5-6-7-8-9-10-11-12-13-14-15-16-17-18-23(27)28-21(19-22(25)26)20-24(2,3)4/h21H,5-20H2,1-4H3/t21-/m1/s1","hexadecanoyl-L-carnitine","NCBITAXON:http://purl.bioontology.org/ontology/NCBITAXON/9606","Homo sapiens"
"211","M211","hexadecenoyl-L-carnitine","11.373551711443","0","CHEBI:85455","C23H43NO4","C[N+](C)(C)C[C@@H](CC([O-])=O)OC([*])=O","","hexadecenoyl-L-carnitine","NCBITAXON:http://purl.bioontology.org/ontology/NCBITAXON/9606","Homo sapiens"
"212","M212","hydroxyhexadecenoyl-L-carnitine","10.792499979197","0","CHEBI:85105","C23H43NO5","CCCCCCC=C/CCCCCC(O)CC(=O)O[C@H](CC([O-])=O)C[N+](C)(C)C","InChI=1S/C23H43NO5/c1-5-6-7-8-9-10-11-12-13-14-15-16-20(25)17-23(28)29-21(18-22(26)27)19-24(2,3)4/h10-11,20-21,25H,5-9,12-19H2,1-4H3/b11-10-/t20?,21-/m1/s1","hydroxyhexadecenoyl-L-carnitine","NCBITAXON:http://purl.bioontology.org/ontology/NCBITAXON/9606","Homo sapiens"
"213","M213","hexadecadienyl-L-carnitine","14.407011048009","0","CHEBI:73065","C23H41NO4","CCCCCC=C/CC=C/CCCCCC(=O)OC(CC([O-])=O)C[N+](C)(C)C","InChI=1S/C23H41NO4/c1-5-6-7-8-9-10-11-12-13-14-15-16-17-18-23(27)28-21(19-22(25)26)20-24(2,3)4/h9-10,12-13,21H,5-8,11,14-20H2,1-4H3/b10-9-,13-12-","hexadecadienyl-L-carnitine","NCBITAXON:http://purl.bioontology.org/ontology/NCBITAXON/9606","Homo sapiens"
"214","M214","hydroxyhexadecanoyl-L-carnitine","8.6714541956983","0","CHEBI:73070","C23H45NO5","CCCCCCCCCCCCCC(O)CC(=O)OC(CC([O-])=O)C[N+](C)(C)C","InChI=1S/C23H45NO5/c1-5-6-7-8-9-10-11-12-13-14-15-16-20(25)17-23(28)29-21(18-22(26)27)19-24(2,3)4/h20-21,25H,5-19H2,1-4H3","hydroxyhexadecanoyl-L-carnitine","NCBITAXON:http://purl.bioontology.org/ontology/NCBITAXON/9606","Homo sapiens"
"215","M215","acetyl-L-carnitine","4.7436647867768","0","CHEBI:57589","C9H17NO4","CC(=O)O[C@H](CC([O-])=O)C[N+](C)(C)C","InChI=1S/C9H17NO4/c1-7(11)14-8(5-9(12)13)6-10(2,3)4/h8H,5-6H2,1-4H3/t8-/m1/s1","acetyl-L-carnitine","NCBITAXON:http://purl.bioontology.org/ontology/NCBITAXON/9606","Homo sapiens"
"216","M216","propionyl-L-carnitine","7.9367752188246","0","CHEBI:53210","C10H19NO4","CCC(=O)O[C@H](CC([O-])=O)C[N+](C)(C)C","InChI=1S/C10H19NO4/c1-5-10(14)15-8(6-9(12)13)7-11(2,3)4/h8H,5-7H2,1-4H3/t8-/m1/s1","propionyl-L-carnitine","NCBITAXON:http://purl.bioontology.org/ontology/NCBITAXON/9606","Homo sapiens"
"217","M217","malonyl-L-carnitine","8.0887257326036","0","CHEBI:85470","C10H17NO6","C[N+](C)(C)C[C@@H](CC([O-])=O)OC(=O)CC(O)=O","InChI=1S/C10H17NO6/c1-11(2,3)6-7(4-8(12)13)17-10(16)5-9(14)15/h7H,4-6H2,1-3H3,(H-,12,13,14,15)/t7-/m1/s1","malonyl-L-carnitine","NCBITAXON:http://purl.bioontology.org/ontology/NCBITAXON/9606","Homo sapiens"
"218","M218","hydroxybutyryl-L-carnitine","8.0887257326036","0","CHEBI:85472","C11H21NO5","C[N+](C)(C)C[C@@H](CC([O-])=O)OC([*])=O","","hydroxybutyryl-L-carnitine","NCBITAXON:http://purl.bioontology.org/ontology/NCBITAXON/9606","Homo sapiens"
"219","M219","butyryl-L-carnitine","8.5850720858479","0","CHEBI:21949","C11H21NO4","CCCC(=O)O[C@H](CC([O-])=O)C[N+](C)(C)C","InChI=1S/C11H21NO4/c1-5-6-11(15)16-9(7-10(13)14)8-12(2,3)4/h9H,5-8H2,1-4H3/t9-/m1/s1","butyryl-L-carnitine","NCBITAXON:http://purl.bioontology.org/ontology/NCBITAXON/9606","Homo sapiens"
"220","M220","butenyl-L-carnitine","15.606973660346","0","CHEBI:88785","C11H19NO4","[C@@H](CC([O-])=O)(OC(C=CC)=O)C[N+](C)(C)C","InChI=1S/C11H19NO4/c1-5-6-11(15)16-9(7-10(13)14)8-12(2,3)4/h5-6,9H,7-8H2,1-4H3/b6-5+/t9-/m0/s1","butenyl-L-carnitine","NCBITAXON:http://purl.bioontology.org/ontology/NCBITAXON/9606","Homo sapiens"
"221","M221","methylmalonyl-L-carnitine","10.685947833033","0","CHEBI:85473","C11H19NO6","CC(C(O)=O)C(=O)O[C@H](CC([O-])=O)C[N+](C)(C)C","InChI=1S/C11H19NO6/c1-7(10(15)16)11(17)18-8(5-9(13)14)6-12(2,3)4/h7-8H,5-6H2,1-4H3,(H-,13,14,15,16)/t7?,8-/m1/s1","methylmalonyl-L-carnitine","NCBITAXON:http://purl.bioontology.org/ontology/NCBITAXON/9606","Homo sapiens"
"222","M222","3-hydroxyisovaleryl-L-carnitine","10.685947833033","0","CHEBI:73027","C12H23NO5","CC(C)(O)CC(=O)OC(CC([O-])=O)C[N+](C)(C)C","InChI=1S/C12H23NO5/c1-12(2,17)7-11(16)18-9(6-10(14)15)8-13(3,4)5/h9,17H,6-8H2,1-5H3","3-hydroxyisovaleryl-L-carnitine","NCBITAXON:http://purl.bioontology.org/ontology/NCBITAXON/9606","Homo sapiens"
"223","M223","valeryl-L-carnitine","9.2319424602855","0","CHEBI:85095","C12H23NO4","CCCCC(=O)O[C@H](CC([O-])=O)C[N+](C)(C)C","InChI=1S/C12H23NO4/c1-5-6-7-12(16)17-10(8-11(14)15)9-13(2,3)4/h10H,5-9H2,1-4H3/t10-/m1/s1","valeryl-L-carnitine","NCBITAXON:http://purl.bioontology.org/ontology/NCBITAXON/9606","Homo sapiens"
"224","M224","tiglyl-L-carnitine","6.7708438595729","0","CHEBI:85520","C12H21NO4","CC=C(/C)C(=O)O[C@H](CC([O-])=O)C[N+](C)(C)C","InChI=1S/C12H21NO4/c1-6-9(2)12(16)17-10(7-11(14)15)8-13(3,4)5/h6,10H,7-8H2,1-5H3/b9-6+/t10-/m1/s1","tiglyl-L-carnitine","NCBITAXON:http://purl.bioontology.org/ontology/NCBITAXON/9606","Homo sapiens"
"225","M225","glutaryl-L-carnitine","20.972671333419","0","CHEBI:82952","C12H21NO6","C[N+](C)(C)C[C@@H](CC([O-])=O)OC(=O)CCCC(O)=O","InChI=1S/C12H21NO6/c1-13(2,3)8-9(7-11(16)17)19-12(18)6-4-5-10(14)15/h9H,4-8H2,1-3H3,(H-,14,15,16,17)/t9-/m1/s1","glutaryl-L-carnitine","NCBITAXON:http://purl.bioontology.org/ontology/NCBITAXON/9606","Homo sapiens"
"226","M226","hydroxyhexanoyl-L-carnitine","20.972671333419","0","CHEBI:85519","C13H25NO5","C[N+](C)(C)C[C@@H](CC([O-])=O)OC([*])=O","","hydroxyhexanoyl-L-carnitine","NCBITAXON:http://purl.bioontology.org/ontology/NCBITAXON/9606","Homo sapiens"
"227","M227","hexanoyl-L-carnitine","22.177983435196","0","CHEBI:84834","C13H25NO4","[C@H](OC(CCCCC)=O)(C[N+](C)(C)C)CC(=O)[O-]","InChI=1S/C13H25NO4/c1-5-6-7-8-13(17)18-11(9-12(15)16)10-14(2,3)4/h11H,5-10H2,1-4H3/t11-/m1/s1","hexanoyl-L-carnitine","NCBITAXON:http://purl.bioontology.org/ontology/NCBITAXON/9606","Homo sapiens"
"228","M228","hexenoyl-L-carnitine","9.7239814618557","0","CHEBI:88762","C13H23NO4","C(CC([O-])=O)(OC(C=CCCC)=O)C[N+](C)(C)C","InChI=1S/C13H23NO4/c1-5-6-7-8-13(17)18-11(9-12(15)16)10-14(2,3)4/h7-8,11H,5-6,9-10H2,1-4H3/b8-7+","hexenoyl-L-carnitine","NCBITAXON:http://purl.bioontology.org/ontology/NCBITAXON/9606","Homo sapiens"
"229","M229","pimelyl-L-carnitine","8.9926052328166","0","CHEBI:85525","C14H25NO6","C[N+](C)(C)C[C@@H](CC([O-])=O)OC(=O)CCCCCC(O)=O","InChI=1S/C14H25NO6/c1-15(2,3)10-11(9-13(18)19)21-14(20)8-6-4-5-7-12(16)17/h11H,4-10H2,1-3H3,(H-,16,17,18,19)/t11-/m1/s1","pimelyl-L-carnitine","NCBITAXON:http://purl.bioontology.org/ontology/NCBITAXON/9606","Homo sapiens"
"230","M230","hydroxyoctanoyl-L-carnitine","8.9926052328166","0","CHEBI:84100","C15H29NO5","CCCCCC(O)CC(=O)OC(CC([O-])=O)C[N+](C)(C)C","InChI=1S/C15H29NO5/c1-5-6-7-8-12(17)9-15(20)21-13(10-14(18)19)11-16(2,3)4/h12-13,17H,5-11H2,1-4H3","hydroxyoctanoyl-L-carnitine","NCBITAXON:http://purl.bioontology.org/ontology/NCBITAXON/9606","Homo sapiens"
"231","M231","octanoyl-L-carnitine","4.5495590451547","0","CHEBI:18102","C15H29NO4","CCCCCCCC(=O)O[C@H](CC([O-])=O)C[N+](C)(C)C","InChI=1S/C15H29NO4/c1-5-6-7-8-9-10-15(19)20-13(11-14(17)18)12-16(2,3)4/h13H,5-12H2,1-4H3/t13-/m1/s1","octanoyl-L-carnitine","NCBITAXON:http://purl.bioontology.org/ontology/NCBITAXON/9606","Homo sapiens"
"232","M232","octenoyl-L-carnitine","6.511419885876","0","CHEBI:85526","C15H27NO4","C[N+](C)(C)C[C@@H](CC([O-])=O)OC([*])=O","","octenoyl-L-carnitine","NCBITAXON:http://purl.bioontology.org/ontology/NCBITAXON/9606","Homo sapiens"
"233","M233","nonayl-L-carnitine","16.569282466926","0","CHEBI:70997","C16H31NO4","CCCCCCCCC(=O)OC(CC([O-])=O)C[N+](C)(C)C","InChI=1S/C16H31NO4/c1-5-6-7-8-9-10-11-16(20)21-14(12-15(18)19)13-17(2,3)4/h14H,5-13H2,1-4H3","nonayl-L-carnitine","NCBITAXON:http://purl.bioontology.org/ontology/NCBITAXON/9606","Homo sapiens"
"234","M234","propionylglycine","18.489418753742","0","CHEBI:89836","C5H9NO3","C(CNC(=O)CC)(=O)O","InChI=1S/C5H9NO3/c1-2-4(7)6-3-5(8)9/h2-3H2,1H3,(H,6,7)(H,8,9)","propionylglycine","NCBITAXON:http://purl.bioontology.org/ontology/NCBITAXON/9606","Homo sapiens"
"235","M235","tiglylglycine","16.673261653145","0","CHEBI:73018","C7H11NO3","CC=C(/C)C(=O)NCC(O)=O","InChI=1S/C7H11NO3/c1-3-5(2)7(11)8-4-6(9)10/h3H,4H2,1-2H3,(H,8,11)(H,9,10)/b5-3+","tiglylglycine","NCBITAXON:http://purl.bioontology.org/ontology/NCBITAXON/9606","Homo sapiens"
"236","M236","3-methylcrotonylglycine","16.673261653145","0","CHEBI:68499","C7H11NO3","CC(C)=CC(=O)NCC(O)=O","InChI=1S/C7H11NO3/c1-5(2)3-6(9)8-4-7(10)11/h3H,4H2,1-2H3,(H,8,9)(H,10,11)","3-methylcrotonylglycine","NCBITAXON:http://purl.bioontology.org/ontology/NCBITAXON/9606","Homo sapiens"
